round,val_loss,val_acc,test_loss,test_acc
1,4.6044,0.0124,4.6037,0.0138
2,4.6020,0.0130,4.6009,0.0136
3,4.5986,0.0136,4.5973,0.0137
4,4.5924,0.0148,4.5913,0.0146
5,4.5833,0.0100,4.5815,0.0122
6,4.5688,0.0108,4.5657,0.0119
7,4.5418,0.0188,4.5404,0.0185
8,4.5027,0.0362,4.5016,0.0339
9,4.4607,0.0346,4.4587,0.0334
10,4.3999,0.0410,4.3821,0.0451
11,4.3192,0.0500,4.3124,0.0542
12,4.2501,0.0494,4.2352,0.0546
13,4.1531,0.0678,4.1301,0.0681
14,4.1096,0.0738,4.1138,0.0712
15,4.0817,0.0824,4.0624,0.0782
16,4.0422,0.0808,4.0335,0.0829
17,4.0483,0.0810,4.0248,0.0832
18,4.0082,0.0900,3.9909,0.0875
19,4.0127,0.0872,3.9883,0.0884
20,3.9652,0.0934,3.9566,0.0925
21,3.9584,0.0940,3.9396,0.0991
22,3.9323,0.0964,3.9192,0.1010
23,3.9366,0.0938,3.9015,0.0970
24,3.9034,0.1012,3.8877,0.1076
25,3.8978,0.1118,3.8611,0.1126
26,3.8702,0.1082,3.8398,0.1215
27,3.8596,0.1128,3.8318,0.1163
28,3.8293,0.1194,3.7974,0.1223
29,3.8159,0.1142,3.7865,0.1187
30,3.7915,0.1250,3.7611,0.1263
31,3.8055,0.1170,3.7531,0.1257
32,3.7689,0.1258,3.7317,0.1376
33,3.7474,0.1320,3.7142,0.1354
34,3.7268,0.1294,3.6844,0.1409
35,3.7233,0.1360,3.6986,0.1427
36,3.7149,0.1324,3.6804,0.1401
37,3.6870,0.1358,3.6647,0.1452
38,3.6735,0.1382,3.6259,0.1517
39,3.6631,0.1422,3.6527,0.1484
40,3.6501,0.1428,3.6370,0.1548
41,3.6500,0.1468,3.6247,0.1579
42,3.6287,0.1490,3.5994,0.1600
43,3.6255,0.1568,3.5895,0.1616
44,3.5972,0.1604,3.5754,0.1596
45,3.5834,0.1624,3.5605,0.1708
46,3.5844,0.1614,3.5634,0.1656
47,3.5688,0.1644,3.5514,0.1703
48,3.5562,0.1672,3.5231,0.1744
49,3.5349,0.1670,3.5251,0.1717
50,3.5236,0.1746,3.5098,0.1770
51,3.5390,0.1610,3.5229,0.1709
52,3.5149,0.1736,3.4899,0.1800
53,3.4925,0.1772,3.4773,0.1798
54,3.4885,0.1824,3.4611,0.1889
55,3.4942,0.1804,3.4748,0.1842
56,3.4918,0.1708,3.4553,0.1835
57,3.4618,0.1824,3.4563,0.1857
58,3.4629,0.1852,3.4612,0.1879
59,3.4486,0.1936,3.4260,0.1937
60,3.4381,0.1874,3.4206,0.1913
61,3.4189,0.1950,3.4098,0.2014
62,3.4259,0.1894,3.4035,0.1967
63,3.4187,0.1900,3.3881,0.1953
64,3.3735,0.2016,3.3593,0.2027
65,3.3698,0.1990,3.3582,0.2033
66,3.3736,0.1974,3.3656,0.2032
67,3.3479,0.2036,3.3626,0.1992
68,3.3694,0.1988,3.3482,0.2057
69,3.3539,0.1990,3.3291,0.2092
70,3.3322,0.2010,3.3430,0.2070
71,3.3450,0.2106,3.3049,0.2159
72,3.3126,0.2092,3.3062,0.2141
73,3.3286,0.2048,3.2916,0.2162
74,3.3257,0.2068,3.3353,0.2101
75,3.3108,0.2074,3.2988,0.2144
76,3.3033,0.2142,3.2925,0.2161
77,3.3069,0.2104,3.2977,0.2176
78,3.2616,0.2198,3.2474,0.2234
79,3.2957,0.2186,3.2708,0.2196
80,3.2448,0.2136,3.2284,0.2248
81,3.2511,0.2184,3.2452,0.2223
82,3.2598,0.2206,3.2471,0.2199
83,3.2257,0.2296,3.2363,0.2302
84,3.2355,0.2196,3.2275,0.2275
85,3.2349,0.2296,3.2197,0.2312
86,3.2218,0.2262,3.2149,0.2360
87,3.2218,0.2286,3.2021,0.2370
88,3.2084,0.2302,3.1827,0.2352
89,3.1886,0.2310,3.2102,0.2260
90,3.1871,0.2312,3.1873,0.2358
91,3.1901,0.2382,3.1937,0.2349
92,3.1864,0.2314,3.1435,0.2455
93,3.1832,0.2314,3.1888,0.2356
94,3.1587,0.2438,3.1752,0.2422
95,3.1475,0.2400,3.1500,0.2359
96,3.1603,0.2422,3.1630,0.2442
97,3.1543,0.2402,3.1614,0.2433
98,3.1388,0.2438,3.1164,0.2527
99,3.1481,0.2414,3.1282,0.2470
100,3.1393,0.2440,3.1388,0.2427
101,3.1602,0.2476,3.1277,0.2528
102,3.1334,0.2456,3.1193,0.2545
103,3.1350,0.2450,3.1131,0.2492
104,3.1105,0.2486,3.0863,0.2582
105,3.1108,0.2488,3.0974,0.2572
106,3.1322,0.2468,3.1183,0.2553
107,3.1026,0.2424,3.1150,0.2531
108,3.0711,0.2542,3.0770,0.2550
109,3.0682,0.2608,3.0677,0.2651
110,3.1109,0.2516,3.0957,0.2495
111,3.0740,0.2636,3.0784,0.2587
112,3.0830,0.2530,3.0701,0.2611
113,3.0673,0.2604,3.0698,0.2598
114,3.0852,0.2574,3.0494,0.2695
115,3.0530,0.2630,3.0519,0.2682
116,3.0687,0.2646,3.0581,0.2626
117,3.0673,0.2640,3.0286,0.2697
118,3.0422,0.2698,3.0117,0.2675
119,3.0447,0.2628,3.0400,0.2683
120,3.0500,0.2612,3.0111,0.2727
121,3.0768,0.2690,2.9994,0.2725
122,3.0286,0.2686,3.0207,0.2708
123,3.0824,0.2588,3.0059,0.2723
124,3.0468,0.2680,3.0217,0.2716
125,3.0340,0.2718,3.0011,0.2773
126,3.0143,0.2718,2.9792,0.2817
127,3.0287,0.2716,2.9537,0.2836
128,3.0082,0.2736,2.9552,0.2822
129,3.0165,0.2746,2.9690,0.2828
130,3.0132,0.2680,2.9602,0.2835
131,3.0193,0.2670,2.9629,0.2813
132,3.0379,0.2696,2.9707,0.2783
133,2.9939,0.2790,2.9500,0.2879
134,2.9973,0.2722,3.0093,0.2779
135,3.0254,0.2752,2.9499,0.2863
136,3.0135,0.2736,2.9283,0.2890
137,2.9937,0.2746,2.9331,0.2864
138,2.9649,0.2810,2.9494,0.2908
139,2.9909,0.2764,2.9536,0.2817
140,2.9959,0.2752,2.9216,0.2960
141,2.9798,0.2774,2.9430,0.2910
142,3.0080,0.2774,2.9462,0.2892
143,2.9803,0.2794,2.9275,0.2883
144,2.9796,0.2754,2.9289,0.2930
145,2.9735,0.2830,2.9353,0.2957
146,3.0046,0.2840,2.9318,0.2923
147,2.9780,0.2746,2.9099,0.2938
148,2.9624,0.2902,2.8942,0.3029
149,2.9597,0.2810,2.9118,0.2964
150,2.9626,0.2880,2.9125,0.2960
151,2.9832,0.2856,2.8842,0.2952
152,2.9596,0.2824,2.8843,0.3040
153,2.9669,0.2890,2.9029,0.2982
154,2.9452,0.2862,2.8893,0.3016
155,2.9492,0.2834,2.8730,0.3058
156,2.9333,0.2960,2.8661,0.3088
157,2.9514,0.2858,2.8880,0.3006
158,2.9627,0.2838,2.8842,0.3021
159,2.9360,0.2928,2.8432,0.3075
160,2.9448,0.2922,2.8747,0.3035
161,2.9190,0.2924,2.8879,0.3030
162,2.9463,0.2908,2.8872,0.3062
163,2.9210,0.2876,2.8718,0.3042
164,2.9424,0.2936,2.8478,0.3046
165,2.9152,0.2938,2.8393,0.3080
166,2.8983,0.2984,2.8381,0.3127
167,2.9041,0.2914,2.8240,0.3134
168,2.9261,0.2928,2.8203,0.3181
169,2.8993,0.2988,2.8388,0.3155
170,2.8787,0.2966,2.8188,0.3129
171,2.9206,0.2992,2.8457,0.3158
172,2.9105,0.2938,2.8478,0.3106
173,2.9205,0.2996,2.8059,0.3162
174,2.8922,0.3004,2.8429,0.3126
175,2.9192,0.3052,2.8383,0.3151
176,2.9138,0.3040,2.8311,0.3138
177,2.9243,0.2934,2.8643,0.3110
178,2.8830,0.3050,2.8116,0.3212
179,2.9249,0.2958,2.8270,0.3156
180,2.8786,0.2980,2.8022,0.3167
181,2.9189,0.3000,2.8212,0.3210
182,2.8967,0.3074,2.8111,0.3174
183,2.8868,0.3032,2.8155,0.3228
184,2.8512,0.3114,2.7553,0.3279
185,2.8745,0.3052,2.7568,0.3265
186,2.8627,0.3102,2.7734,0.3261
187,2.8566,0.3094,2.7848,0.3228
188,2.8759,0.3052,2.7678,0.3268
189,2.8748,0.3124,2.7898,0.3252
190,2.8719,0.3196,2.7763,0.3281
191,2.8708,0.3156,2.7744,0.3314
192,2.8594,0.3206,2.7890,0.3317
193,2.8429,0.3148,2.7789,0.3275
194,2.8210,0.3150,2.7327,0.3325
195,2.8804,0.3140,2.7954,0.3306
196,2.8507,0.3122,2.7498,0.3325
197,2.8444,0.3100,2.7658,0.3306
198,2.8345,0.3110,2.7498,0.3333
199,2.8620,0.3082,2.7355,0.3389
200,2.8359,0.3218,2.7464,0.3327
201,2.8341,0.3158,2.7438,0.3355
202,2.8403,0.3116,2.7684,0.3271
203,2.8393,0.3122,2.7575,0.3352
204,2.8602,0.3184,2.7477,0.3391
205,2.8329,0.3204,2.7064,0.3475
206,2.8143,0.3160,2.7158,0.3469
207,2.8369,0.3150,2.7460,0.3352
208,2.8544,0.3220,2.7522,0.3420
209,2.8261,0.3222,2.7116,0.3441
210,2.8111,0.3240,2.7300,0.3426
211,2.8639,0.3154,2.7403,0.3367
212,2.8454,0.3202,2.7615,0.3373
213,2.7876,0.3204,2.7036,0.3444
214,2.7936,0.3210,2.7047,0.3453
215,2.8225,0.3204,2.7116,0.3452
216,2.7698,0.3278,2.6799,0.3463
217,2.7875,0.3214,2.6978,0.3434
218,2.8020,0.3270,2.7054,0.3500
219,2.7845,0.3230,2.6977,0.3465
220,2.7879,0.3306,2.6945,0.3456
221,2.8059,0.3308,2.7101,0.3494
222,2.8155,0.3268,2.6817,0.3546
223,2.8046,0.3324,2.7100,0.3495
224,2.7757,0.3352,2.6875,0.3474
225,2.7961,0.3246,2.6739,0.3542
226,2.8342,0.3294,2.7071,0.3559
227,2.7974,0.3290,2.7088,0.3496
228,2.8314,0.3386,2.7014,0.3553
229,2.8220,0.3240,2.6909,0.3529
230,2.7733,0.3320,2.6496,0.3567
231,2.7903,0.3312,2.7004,0.3513
232,2.7810,0.3356,2.6773,0.3572
233,2.7485,0.3410,2.6831,0.3591
234,2.7802,0.3378,2.6840,0.3561
235,2.7556,0.3356,2.6414,0.3541
236,2.7634,0.3408,2.6831,0.3544
237,2.7728,0.3342,2.6834,0.3548
238,2.7959,0.3338,2.6596,0.3603
239,2.7566,0.3336,2.6570,0.3539
240,2.7688,0.3472,2.6852,0.3580
241,2.7900,0.3346,2.6513,0.3601
242,2.7738,0.3356,2.6723,0.3561
243,2.7641,0.3368,2.6666,0.3584
244,2.7977,0.3318,2.6893,0.3562
245,2.7820,0.3408,2.6412,0.3666
246,2.7615,0.3398,2.6528,0.3619
247,2.7658,0.3384,2.6532,0.3639
248,2.7528,0.3406,2.6467,0.3614
249,2.7439,0.3458,2.6726,0.3600
250,2.7425,0.3456,2.6484,0.3611
251,2.7804,0.3478,2.6687,0.3653
252,2.7928,0.3432,2.6538,0.3714
253,2.7498,0.3412,2.6440,0.3618
254,2.7701,0.3388,2.6378,0.3705
255,2.7241,0.3506,2.6330,0.3683
256,2.7242,0.3416,2.6158,0.3703
257,2.7660,0.3448,2.6616,0.3680
258,2.7613,0.3406,2.6392,0.3646
259,2.7365,0.3500,2.6416,0.3683
260,2.7665,0.3428,2.6503,0.3637
261,2.7786,0.3500,2.6600,0.3755
262,2.7060,0.3450,2.6394,0.3678
263,2.7255,0.3492,2.6225,0.3687
264,2.7746,0.3450,2.6362,0.3715
265,2.7363,0.3532,2.6351,0.3727
266,2.7454,0.3440,2.6557,0.3727
267,2.7262,0.3430,2.6133,0.3690
268,2.7352,0.3566,2.6497,0.3719
269,2.7300,0.3508,2.6165,0.3750
270,2.7669,0.3476,2.6588,0.3720
271,2.7598,0.3500,2.6290,0.3725
272,2.7517,0.3590,2.6583,0.3709
273,2.7459,0.3544,2.6306,0.3760
274,2.7291,0.3556,2.6248,0.3722
275,2.7471,0.3452,2.6370,0.3757
276,2.7508,0.3470,2.6457,0.3695
277,2.7947,0.3430,2.6504,0.3728
278,2.7719,0.3538,2.6388,0.3754
279,2.7412,0.3600,2.6414,0.3737
280,2.7696,0.3520,2.6256,0.3771
281,2.7489,0.3510,2.6562,0.3749
282,2.7489,0.3534,2.6547,0.3726
283,2.7361,0.3562,2.6494,0.3776
284,2.7576,0.3514,2.6227,0.3804
285,2.7374,0.3506,2.6692,0.3770
286,2.7107,0.3610,2.6262,0.3713
287,2.7742,0.3566,2.6733,0.3778
288,2.7166,0.3594,2.6270,0.3788
289,2.7580,0.3454,2.6245,0.3755
290,2.7497,0.3584,2.6529,0.3771
291,2.7097,0.3544,2.6256,0.3751
292,2.7343,0.3594,2.6194,0.3787
293,2.7058,0.3558,2.5903,0.3805
294,2.7391,0.3514,2.6348,0.3812
295,2.7399,0.3506,2.6062,0.3824
296,2.7312,0.3542,2.6288,0.3804
297,2.7376,0.3586,2.6213,0.3846
298,2.7233,0.3610,2.6285,0.3846
299,2.6783,0.3620,2.5915,0.3827
300,2.7411,0.3582,2.6475,0.3870
301,2.7129,0.3594,2.5993,0.3837
302,2.7213,0.3550,2.6192,0.3819
303,2.7308,0.3590,2.6312,0.3831
304,2.6683,0.3616,2.6018,0.3841
305,2.7164,0.3596,2.6189,0.3842
306,2.7411,0.3550,2.6407,0.3793
307,2.7601,0.3584,2.6486,0.3842
308,2.7051,0.3586,2.6114,0.3778
309,2.7218,0.3632,2.6421,0.3830
310,2.7110,0.3628,2.6206,0.3812
311,2.7350,0.3606,2.6187,0.3864
312,2.7146,0.3656,2.6098,0.3841
313,2.7202,0.3654,2.6293,0.3840
314,2.6978,0.3624,2.5983,0.3826
315,2.7124,0.3632,2.6120,0.3844
316,2.7387,0.3610,2.6591,0.3848
317,2.7409,0.3558,2.6178,0.3854
318,2.7379,0.3622,2.6527,0.3894
319,2.7175,0.3640,2.5978,0.3849
320,2.7549,0.3724,2.6357,0.3885
321,2.7326,0.3588,2.6252,0.3817
322,2.6757,0.3710,2.6081,0.3908
323,2.7103,0.3670,2.6132,0.3887
324,2.7239,0.3610,2.6320,0.3877
325,2.7864,0.3568,2.6714,0.3836
326,2.7051,0.3716,2.6282,0.3887
327,2.7272,0.3638,2.6251,0.3860
328,2.7449,0.3598,2.6468,0.3836
329,2.7588,0.3664,2.6659,0.3913
330,2.7494,0.3614,2.6399,0.3929
331,2.7676,0.3628,2.6577,0.3919
332,2.6995,0.3714,2.6252,0.3873
333,2.7400,0.3664,2.6450,0.3887
334,2.7503,0.3654,2.6497,0.3870
335,2.6882,0.3796,2.6276,0.3942
336,2.7157,0.3682,2.6316,0.3896
337,2.7109,0.3744,2.6201,0.3948
338,2.7035,0.3632,2.5877,0.3999
339,2.7293,0.3612,2.6230,0.3922
340,2.7213,0.3688,2.6268,0.3961
341,2.7253,0.3634,2.6352,0.3940
342,2.7277,0.3612,2.6099,0.3921
343,2.7234,0.3642,2.6205,0.3945
344,2.7199,0.3670,2.6301,0.3905
345,2.7192,0.3738,2.6290,0.3917
346,2.7791,0.3606,2.6974,0.3869
347,2.7183,0.3730,2.6356,0.3949
348,2.7269,0.3694,2.6472,0.3959
349,2.7706,0.3576,2.6540,0.3914
350,2.7471,0.3708,2.6570,0.3944
351,2.7096,0.3698,2.6123,0.3954
352,2.7244,0.3698,2.6110,0.3941
353,2.7405,0.3646,2.6403,0.3904
354,2.6992,0.3790,2.6462,0.3894
355,2.7537,0.3638,2.6469,0.3914
356,2.7056,0.3628,2.6265,0.3914
357,2.7366,0.3648,2.6503,0.3934
358,2.6908,0.3778,2.6152,0.3957
359,2.7254,0.3652,2.5886,0.3976
360,2.7255,0.3832,2.6607,0.3981
361,2.7225,0.3710,2.6076,0.3972
362,2.7225,0.3742,2.6375,0.3995
363,2.6584,0.3864,2.6181,0.3997
364,2.7036,0.3716,2.6111,0.4005
365,2.7100,0.3762,2.6454,0.3970
366,2.6935,0.3712,2.6372,0.3996
367,2.7739,0.3722,2.6929,0.3942
368,2.6891,0.3734,2.6229,0.3959
369,2.7311,0.3778,2.6446,0.3934
370,2.6898,0.3688,2.6245,0.3952
371,2.6884,0.3758,2.6000,0.3999
372,2.7294,0.3752,2.6492,0.3992
373,2.7283,0.3782,2.6413,0.4015
374,2.6907,0.3716,2.6127,0.3998
375,2.7306,0.3758,2.6563,0.4024
376,2.7189,0.3774,2.6480,0.3951
377,2.7180,0.3828,2.6180,0.4017
378,2.7259,0.3732,2.6265,0.4027
379,2.7094,0.3794,2.6504,0.3952
380,2.6955,0.3764,2.6292,0.3978
381,2.7591,0.3762,2.6671,0.3968
382,2.7757,0.3706,2.6863,0.3974
383,2.7109,0.3722,2.6364,0.3973
384,2.7371,0.3730,2.6789,0.4036
385,2.7143,0.3750,2.6482,0.3984
386,2.7450,0.3798,2.6775,0.3969
387,2.7434,0.3772,2.6592,0.4037
388,2.7395,0.3746,2.6305,0.4048
389,2.7356,0.3680,2.6561,0.4021
390,2.7390,0.3718,2.6607,0.4028
391,2.7463,0.3728,2.6443,0.4042
392,2.7284,0.3832,2.6585,0.4018
393,2.7508,0.3766,2.6538,0.4025
394,2.7238,0.3756,2.6295,0.4065
395,2.7051,0.3750,2.6273,0.4023
396,2.7250,0.3740,2.6625,0.4060
397,2.6819,0.3832,2.6338,0.3968
398,2.7333,0.3870,2.6477,0.4031
399,2.7387,0.3772,2.6393,0.4046
400,2.6990,0.3768,2.6374,0.3989
401,2.7839,0.3770,2.6864,0.4037
402,2.7450,0.3858,2.6787,0.4004
403,2.8016,0.3764,2.6795,0.4042
404,2.7346,0.3820,2.6667,0.4022
405,2.7371,0.3768,2.6489,0.4082
406,2.7613,0.3846,2.6978,0.4049
407,2.7783,0.3822,2.6678,0.4038
408,2.7334,0.3804,2.6505,0.4072
409,2.7414,0.3724,2.6494,0.3992
410,2.7419,0.3784,2.6691,0.4012
411,2.7528,0.3748,2.6863,0.4050
412,2.7589,0.3778,2.6810,0.3973
413,2.7765,0.3826,2.6802,0.4058
414,2.7007,0.3862,2.6244,0.4027
415,2.7551,0.3894,2.6817,0.4057
416,2.7326,0.3852,2.6685,0.4077
417,2.7221,0.3910,2.6629,0.4023
418,2.7525,0.3836,2.6670,0.4055
419,2.7426,0.3754,2.6577,0.4039
420,2.7518,0.3878,2.6938,0.4048
421,2.7474,0.3772,2.6607,0.4013
422,2.7381,0.3802,2.6894,0.4016
423,2.7680,0.3752,2.6985,0.4016
424,2.7545,0.3764,2.6580,0.3989
425,2.7473,0.3838,2.7111,0.4035
426,2.7667,0.3872,2.7264,0.4042
427,2.7009,0.3776,2.6463,0.4019
428,2.7795,0.3842,2.7046,0.4067
429,2.7286,0.3822,2.6505,0.4068
430,2.7509,0.3874,2.6855,0.4090
431,2.7758,0.3770,2.6808,0.4079
432,2.7133,0.3886,2.6449,0.4067
433,2.7416,0.3848,2.6705,0.4031
434,2.7695,0.3884,2.6978,0.4061
435,2.7671,0.3786,2.6899,0.4046
436,2.7500,0.3858,2.6640,0.4116
437,2.7615,0.3804,2.6887,0.4049
438,2.7754,0.3844,2.6724,0.4067
439,2.7104,0.3810,2.6455,0.4056
440,2.7514,0.3764,2.6883,0.4054
441,2.7442,0.3824,2.6750,0.4047
442,2.7533,0.3798,2.6860,0.4080
443,2.7771,0.3800,2.6865,0.4019
444,2.7418,0.3862,2.6653,0.4108
445,2.7159,0.3850,2.6700,0.4118
446,2.7300,0.3858,2.6892,0.4062
447,2.7264,0.3848,2.7082,0.4053
448,2.7394,0.3816,2.7091,0.4001
449,2.7749,0.3820,2.7372,0.3994
450,2.7323,0.3854,2.6784,0.4074
451,2.7488,0.3926,2.7080,0.4071
452,2.7372,0.3834,2.6962,0.4032
453,2.7465,0.3804,2.6867,0.4101
454,2.7963,0.3874,2.7329,0.4092
455,2.7684,0.3846,2.7162,0.4116
456,2.7273,0.3862,2.6643,0.4109
457,2.7477,0.3902,2.6959,0.4079
458,2.7259,0.3856,2.6681,0.4085
459,2.7383,0.3844,2.6652,0.4151
460,2.7917,0.3886,2.7409,0.4077
461,2.7323,0.3828,2.6772,0.4060
462,2.7492,0.3898,2.6767,0.4147
463,2.7699,0.3884,2.7117,0.4106
464,2.7047,0.3878,2.6628,0.4086
465,2.7651,0.3902,2.7051,0.4078
466,2.7605,0.3912,2.6981,0.4098
467,2.7457,0.3900,2.6753,0.4120
468,2.7436,0.3886,2.7295,0.4084
469,2.7645,0.3832,2.7180,0.4070
470,2.7290,0.3868,2.6845,0.4116
471,2.7898,0.3866,2.7185,0.4069
472,2.7625,0.3838,2.6867,0.4143
473,2.8069,0.3856,2.7079,0.4113
474,2.7724,0.3894,2.7085,0.4127
475,2.7968,0.3896,2.7378,0.4113
476,2.7663,0.3928,2.7122,0.4154
477,2.7633,0.3842,2.7105,0.4097
478,2.8093,0.3862,2.7578,0.4110
479,2.7660,0.3884,2.7400,0.4128
480,2.7519,0.3962,2.7228,0.4107
481,2.7967,0.3918,2.7472,0.4139
482,2.7894,0.3824,2.7189,0.4116
483,2.7626,0.3864,2.6859,0.4140
484,2.7453,0.3972,2.6870,0.4179
485,2.7560,0.3832,2.7147,0.4134
486,2.7740,0.3888,2.7177,0.4134
487,2.7768,0.3834,2.7368,0.4121
488,2.7641,0.3930,2.7353,0.4120
489,2.7735,0.3878,2.6929,0.4114
490,2.7778,0.3880,2.7228,0.4159
491,2.8019,0.3896,2.7316,0.4099
492,2.7717,0.3948,2.7147,0.4128
493,2.7785,0.3894,2.7219,0.4143
494,2.7575,0.3940,2.7166,0.4128
495,2.7432,0.3960,2.6994,0.4164
496,2.7706,0.3918,2.7171,0.4173
497,2.7893,0.3976,2.7330,0.4157
498,2.7897,0.3880,2.7456,0.4122
499,2.7486,0.3916,2.6829,0.4150
500,2.8047,0.3930,2.7410,0.4148
501,2.8021,0.3902,2.7576,0.4139
502,2.8240,0.3832,2.7455,0.4149
503,2.7745,0.3872,2.7187,0.4157
504,2.7545,0.3916,2.7036,0.4151
505,2.7509,0.3960,2.7083,0.4155
506,2.7502,0.3944,2.6954,0.4131
507,2.7661,0.3926,2.6977,0.4206
508,2.7972,0.3870,2.7440,0.4209
509,2.7576,0.3942,2.7378,0.4187
510,2.7524,0.3898,2.6960,0.4175
511,2.8156,0.3970,2.7522,0.4158
512,2.7339,0.3982,2.7227,0.4171
513,2.7858,0.3944,2.7370,0.4154
514,2.8133,0.3920,2.7537,0.4159
515,2.7746,0.3978,2.7263,0.4205
516,2.8166,0.3906,2.7511,0.4128
517,2.7966,0.3952,2.7171,0.4182
518,2.7545,0.3910,2.7155,0.4140
519,2.7814,0.3864,2.7294,0.4199
520,2.8123,0.3946,2.7517,0.4201
521,2.7837,0.3902,2.7178,0.4152
522,2.7791,0.3934,2.7339,0.4185
523,2.7524,0.3890,2.7247,0.4157
524,2.7853,0.4006,2.7509,0.4190
525,2.8110,0.3892,2.7596,0.4163
526,2.7979,0.3944,2.7462,0.4138
527,2.7752,0.3970,2.7485,0.4163
528,2.7498,0.3942,2.6974,0.4153
529,2.7713,0.3964,2.7503,0.4128
530,2.7944,0.3872,2.7348,0.4094
531,2.8112,0.3880,2.7222,0.4202
532,2.7794,0.4004,2.7288,0.4195
533,2.8088,0.3970,2.7445,0.4195
534,2.8984,0.3902,2.8196,0.4182
535,2.7740,0.3938,2.7211,0.4178
536,2.7553,0.4008,2.7267,0.4193
537,2.7702,0.3938,2.7319,0.4235
538,2.7705,0.3942,2.7194,0.4206
539,2.7843,0.3916,2.7431,0.4215
540,2.8411,0.3964,2.7351,0.4188
541,2.8253,0.3830,2.7776,0.4163
542,2.8188,0.3926,2.7558,0.4185
543,2.8047,0.3916,2.7486,0.4187
544,2.8209,0.3992,2.7868,0.4170
545,2.8421,0.3950,2.7941,0.4175
546,2.8593,0.3932,2.8033,0.4167
547,2.8373,0.3940,2.7655,0.4172
548,2.8495,0.3922,2.7864,0.4194
549,2.9058,0.3888,2.8238,0.4199
550,2.7945,0.3980,2.7319,0.4203
551,2.8184,0.4020,2.7824,0.4198
552,2.8170,0.3902,2.7541,0.4159
553,2.8431,0.3922,2.7934,0.4186
554,2.9000,0.3854,2.8197,0.4155
555,2.8260,0.3960,2.7562,0.4182
556,2.9106,0.3916,2.8363,0.4162
557,2.7624,0.3974,2.7214,0.4180
558,2.8522,0.3980,2.8060,0.4214
559,2.8533,0.3914,2.7963,0.4220
560,2.7959,0.3980,2.7610,0.4198
561,2.8080,0.3994,2.7686,0.4235
562,2.7750,0.4008,2.7373,0.4211
563,2.8648,0.3974,2.7790,0.4188
564,2.8772,0.3934,2.7859,0.4255
565,2.8119,0.3936,2.7796,0.4226
566,2.8202,0.3920,2.7571,0.4214
567,2.8340,0.3972,2.7730,0.4262
568,2.8547,0.3960,2.7981,0.4215
569,2.8750,0.3866,2.7981,0.4262
570,2.8323,0.3946,2.7652,0.4194
571,2.8273,0.4018,2.7776,0.4209
572,2.7788,0.3962,2.7449,0.4201
573,2.8517,0.3902,2.7730,0.4215
574,2.8443,0.4008,2.7959,0.4219
575,2.8596,0.3916,2.7748,0.4186
576,2.8354,0.3936,2.7571,0.4235
577,2.8398,0.4056,2.7886,0.4225
578,2.8866,0.3964,2.8082,0.4246
579,2.8403,0.3850,2.8029,0.4168
580,2.8429,0.3994,2.7814,0.4238
581,2.8340,0.4028,2.8003,0.4233
582,2.8316,0.4084,2.8126,0.4222
583,2.8450,0.3980,2.7865,0.4184
584,2.7992,0.3962,2.7740,0.4219
585,2.8241,0.3954,2.8040,0.4248
586,2.9006,0.3944,2.8350,0.4216
587,2.8231,0.3942,2.7795,0.4249
588,2.8717,0.4012,2.8648,0.4205
589,2.8526,0.3926,2.7815,0.4228
590,2.8885,0.3990,2.8511,0.4259
591,2.9182,0.4014,2.8726,0.4226
592,2.8617,0.3930,2.8194,0.4205
593,2.8759,0.4074,2.8382,0.4267
594,2.9028,0.3962,2.8388,0.4231
595,2.8607,0.3938,2.8008,0.4228
596,2.8516,0.3998,2.8272,0.4220
597,2.8884,0.3940,2.8600,0.4215
598,2.8902,0.3918,2.8384,0.4240
599,2.8935,0.3992,2.8501,0.4252
600,2.8785,0.3962,2.8529,0.4194
601,2.8860,0.3960,2.8083,0.4183
602,2.8897,0.3954,2.8103,0.4219
603,2.8798,0.4000,2.8069,0.4290
604,2.8370,0.4058,2.8148,0.4284
605,2.8693,0.3950,2.8413,0.4262
606,2.8256,0.3956,2.7995,0.4232
607,2.8735,0.3964,2.8509,0.4252
608,2.8960,0.4024,2.8612,0.4216
609,2.8993,0.3878,2.8307,0.4232
610,2.8379,0.4022,2.8302,0.4217
611,2.8955,0.3918,2.8338,0.4210
612,2.8387,0.3950,2.8189,0.4196
613,2.8538,0.4030,2.8355,0.4218
614,2.8821,0.4012,2.8549,0.4231
615,2.8862,0.4004,2.8431,0.4147
616,2.9037,0.4022,2.8425,0.4258
617,2.8883,0.3956,2.8272,0.4250
618,2.8707,0.3966,2.8377,0.4198
619,2.8411,0.3976,2.8214,0.4226
620,2.8625,0.3946,2.8449,0.4232
621,2.8602,0.3986,2.8325,0.4221
622,2.9285,0.4028,2.8678,0.4196
623,2.8951,0.3986,2.9039,0.4209
624,2.8398,0.4020,2.8478,0.4219
625,2.8779,0.3916,2.8160,0.4229
626,2.9475,0.4006,2.8927,0.4262
627,2.9151,0.3988,2.8750,0.4182
628,2.8678,0.3946,2.8438,0.4222
629,2.8789,0.3978,2.8573,0.4296
630,2.8753,0.3982,2.8720,0.4205
631,2.9054,0.3920,2.8732,0.4297
632,2.9303,0.3968,2.8846,0.4264
633,2.9068,0.3928,2.8603,0.4228
634,2.8925,0.3988,2.8640,0.4265
635,2.8755,0.4048,2.8738,0.4261
636,2.9550,0.3960,2.8959,0.4246
637,2.8905,0.3992,2.8661,0.4214
638,2.9208,0.3960,2.8656,0.4232
639,2.8711,0.3998,2.8766,0.4278
640,2.9438,0.3934,2.9003,0.4258
641,2.8851,0.3996,2.8735,0.4253
642,2.8630,0.3954,2.8341,0.4227
643,2.9111,0.3964,2.8734,0.4224
644,2.8964,0.3948,2.8842,0.4228
645,2.8584,0.4074,2.8422,0.4296
646,2.9146,0.4062,2.8822,0.4286
647,2.8746,0.4086,2.8597,0.4265
648,2.8459,0.4060,2.8636,0.4239
649,2.9686,0.3978,2.9090,0.4288
650,2.8941,0.4000,2.8782,0.4246
651,2.9288,0.4040,2.9215,0.4231
652,2.9299,0.3994,2.9143,0.4205
653,2.8480,0.3976,2.8617,0.4243
654,2.8757,0.4036,2.9109,0.4219
655,2.8838,0.3982,2.8745,0.4247
656,2.8747,0.4016,2.8573,0.4239
657,2.8952,0.3994,2.8937,0.4227
658,2.9299,0.3976,2.8770,0.4264
659,2.9148,0.3998,2.8764,0.4245
660,2.9257,0.3984,2.9029,0.4249
661,2.9032,0.4014,2.8814,0.4232
662,2.9105,0.4034,2.9235,0.4299
663,2.8883,0.3944,2.8675,0.4213
664,2.9513,0.3904,2.9009,0.4209
665,2.8865,0.3992,2.8786,0.4243
666,2.9029,0.4026,2.9461,0.4240
667,2.8631,0.3976,2.8837,0.4207
668,2.9148,0.4024,2.8799,0.4250
669,2.9075,0.4040,2.9168,0.4239
670,2.9162,0.4000,2.8780,0.4270
671,2.9261,0.4048,2.9147,0.4271
672,2.9201,0.4038,2.8821,0.4275
673,2.9354,0.3996,2.9027,0.4263
674,2.8912,0.4014,2.8750,0.4221
675,2.9404,0.4068,2.9357,0.4289
676,2.8531,0.3988,2.8714,0.4305
677,2.9150,0.4030,2.9172,0.4278
678,2.9433,0.4012,2.9448,0.4239
679,2.9236,0.3974,2.9176,0.4245
680,3.0241,0.4012,2.9773,0.4210
681,2.9319,0.4024,2.9322,0.4246
682,2.9447,0.3964,2.9377,0.4231
683,3.0111,0.3994,2.9454,0.4237
684,2.9790,0.3990,2.9877,0.4207
685,2.9917,0.4004,2.9725,0.4219
686,2.8771,0.4060,2.9232,0.4212
687,2.9939,0.4002,2.9610,0.4277
688,2.9124,0.4054,2.9324,0.4260
689,2.9611,0.4002,2.9562,0.4254
690,2.9555,0.4074,2.9261,0.4276
691,2.9425,0.4030,2.9206,0.4248
692,2.9624,0.4004,2.9186,0.4250
693,2.9330,0.3998,2.9320,0.4260
694,2.9259,0.4018,2.9380,0.4259
695,3.0084,0.3980,2.9874,0.4259
696,2.9289,0.3954,2.9336,0.4218
697,2.9656,0.4048,2.9491,0.4275
698,2.9520,0.4018,2.9322,0.4277
699,2.9686,0.4026,2.9803,0.4188
700,2.9436,0.4012,2.9257,0.4246
701,2.9714,0.3956,2.9119,0.4228
702,2.9986,0.3980,2.9554,0.4254
703,2.9187,0.4088,2.9326,0.4259
704,2.9596,0.4098,2.9735,0.4264
705,2.9664,0.3930,2.9343,0.4231
706,2.8889,0.4088,2.9009,0.4279
707,2.9766,0.3936,2.9671,0.4234
708,2.9301,0.4034,2.9351,0.4304
709,2.9421,0.4092,2.9382,0.4266
710,2.9903,0.4056,2.9722,0.4269
711,2.8815,0.4060,2.9016,0.4235
712,3.0035,0.4018,2.9967,0.4294
713,2.8960,0.4092,2.9293,0.4239
714,2.9428,0.4084,2.9764,0.4273
715,2.9432,0.4020,2.9424,0.4319
716,2.9644,0.4070,2.9797,0.4289
717,3.0018,0.3954,2.9557,0.4306
718,2.9811,0.3966,2.9540,0.4252
719,2.9025,0.4048,2.9237,0.4234
720,2.9840,0.4048,2.9820,0.4296
721,2.9918,0.4050,2.9777,0.4271
722,2.9190,0.4018,2.9367,0.4248
723,2.9620,0.3986,2.9694,0.4262
724,2.9459,0.4062,2.9406,0.4311
725,2.9359,0.4054,2.9419,0.4257
726,2.9195,0.3988,2.9374,0.4268
727,3.0122,0.4026,2.9944,0.4264
728,2.9521,0.3984,2.9717,0.4259
729,2.9825,0.4082,2.9677,0.4283
730,2.9383,0.4064,2.9519,0.4262
731,2.9796,0.3996,3.0133,0.4270
732,2.9306,0.4050,2.9597,0.4279
733,2.9510,0.4054,2.9870,0.4265
734,2.9851,0.4006,2.9535,0.4306
735,2.9565,0.4002,2.9939,0.4286
736,3.0290,0.4068,3.0056,0.4258
737,2.9305,0.4052,2.9746,0.4248
738,2.9461,0.3950,2.9398,0.4278
739,2.9411,0.4018,2.9721,0.4285
740,3.0164,0.4070,3.0159,0.4240
741,2.9609,0.4022,2.9714,0.4281
742,2.9877,0.3982,2.9871,0.4289
743,2.9936,0.4052,2.9923,0.4262
744,2.9849,0.4004,2.9760,0.4266
745,2.9230,0.4052,2.9591,0.4257
746,3.0448,0.4084,3.0032,0.4265
747,2.9835,0.4098,2.9995,0.4259
748,2.9744,0.4126,2.9957,0.4264
749,2.9875,0.4024,3.0131,0.4268
750,2.9623,0.3986,3.0085,0.4262
751,2.9789,0.4210,3.0109,0.4322
752,3.0300,0.4062,3.0612,0.4254
753,3.0018,0.3964,2.9947,0.4266
754,2.9852,0.4072,2.9970,0.4248
755,3.0059,0.4064,3.0167,0.4243
756,3.0031,0.4010,3.0049,0.4230
757,2.9363,0.4104,2.9914,0.4269
758,3.0213,0.4050,2.9938,0.4274
759,3.0173,0.4048,3.0338,0.4268
760,3.0102,0.4040,2.9975,0.4256
761,2.9975,0.4090,3.0626,0.4292
762,2.9400,0.3968,2.9776,0.4195
763,2.9483,0.4062,2.9944,0.4272
764,2.9812,0.4074,3.0329,0.4294
765,3.0142,0.4036,3.0483,0.4265
766,3.0053,0.3988,3.0564,0.4277
767,2.9525,0.4062,2.9826,0.4289
768,2.9742,0.4108,3.0234,0.4278
769,3.0304,0.4004,3.0196,0.4271
770,2.9869,0.3996,2.9998,0.4325
771,3.0277,0.3980,3.0366,0.4287
772,3.0076,0.4010,3.0294,0.4275
773,3.0053,0.4056,3.0163,0.4268
774,2.9680,0.3994,2.9899,0.4255
775,3.0553,0.3952,3.0486,0.4233
776,3.0403,0.3994,3.0230,0.4306
777,2.9967,0.4062,3.0502,0.4313
778,3.0204,0.4060,3.0384,0.4290
779,2.9857,0.4088,3.0239,0.4272
780,3.0836,0.3980,3.0718,0.4304
781,3.0261,0.4118,3.0621,0.4283
782,2.9951,0.4070,3.0175,0.4302
783,3.0111,0.4062,3.0550,0.4329
784,3.0412,0.4016,3.0582,0.4308
785,3.0410,0.4092,3.0511,0.4256
786,2.9980,0.4032,3.0350,0.4265
787,3.0184,0.4126,3.0423,0.4275
788,3.0302,0.4086,3.0808,0.4286
789,3.0445,0.4068,3.0450,0.4306
790,3.0047,0.4160,3.0380,0.4311
791,3.1172,0.4026,3.0941,0.4267
792,3.0099,0.4060,3.0488,0.4276
793,3.0390,0.4050,3.0731,0.4272
794,3.0624,0.4006,3.0653,0.4300
795,3.0270,0.4040,3.0282,0.4309
796,3.0240,0.4082,3.0732,0.4286
797,3.0204,0.3980,3.0543,0.4299
798,3.0588,0.4086,3.0998,0.4266
799,3.0264,0.4092,3.0345,0.4337
800,3.0390,0.4004,3.0450,0.4295
801,3.0001,0.4074,3.0712,0.4284
802,3.1044,0.4074,3.0928,0.4291
803,2.9829,0.4136,3.0603,0.4252
804,3.0083,0.4048,3.0308,0.4286
805,3.0160,0.3964,3.0511,0.4275
806,3.1355,0.4038,3.1043,0.4256
807,3.0719,0.4006,3.0689,0.4301
808,3.0630,0.4008,3.0806,0.4230
809,3.0818,0.4070,3.0989,0.4290
810,3.0205,0.3992,3.0302,0.4311
811,3.0439,0.4028,3.0655,0.4287
812,3.0712,0.4052,3.1222,0.4259
813,3.0314,0.3964,3.0587,0.4259
814,3.0233,0.3980,3.0879,0.4246
815,3.0446,0.4078,3.0754,0.4263
816,3.0261,0.3976,3.0475,0.4306
817,3.0801,0.4040,3.1043,0.4292
818,3.0636,0.4126,3.0943,0.4308
819,3.0615,0.4050,3.1024,0.4275
820,3.0124,0.4082,3.0775,0.4299
821,2.9783,0.4104,3.0059,0.4257
822,3.0397,0.4090,3.1171,0.4298
823,3.0208,0.4028,3.0643,0.4253
824,3.0350,0.4032,3.0498,0.4321
825,3.0517,0.4010,3.1079,0.4302
826,3.0448,0.4050,3.0864,0.4306
827,3.1060,0.4080,3.1452,0.4302
828,3.0480,0.4024,3.0873,0.4277
829,3.0776,0.4114,3.1101,0.4327
830,3.0535,0.4024,3.0901,0.4298
831,3.0586,0.4066,3.0851,0.4324
832,3.0742,0.4126,3.1006,0.4311
833,3.1371,0.4006,3.1118,0.4302
834,3.1016,0.3978,3.1392,0.4298
835,3.0907,0.4076,3.1030,0.4284
836,3.1320,0.4034,3.1263,0.4291
837,3.0817,0.4060,3.1127,0.4295
838,3.0986,0.4044,3.1253,0.4258
839,3.0545,0.4044,3.1187,0.4249
840,3.0971,0.3984,3.0998,0.4305
841,3.1143,0.4114,3.1507,0.4311
842,3.1156,0.4062,3.1170,0.4288
843,3.0443,0.4156,3.0915,0.4325
844,3.0863,0.4056,3.1348,0.4317
845,3.0401,0.4112,3.0773,0.4276
846,3.1402,0.4044,3.1347,0.4322
847,3.1180,0.4050,3.1357,0.4318
848,3.1257,0.4112,3.1533,0.4287
849,3.1224,0.3974,3.0955,0.4319
850,3.0513,0.4084,3.1192,0.4268
851,3.0957,0.4090,3.1115,0.4308
852,3.0654,0.4050,3.1248,0.4289
853,3.1365,0.4124,3.1414,0.4299
854,3.0445,0.4074,3.1130,0.4265
855,3.0879,0.4042,3.1658,0.4313
856,3.0798,0.4086,3.1016,0.4335
857,3.1721,0.4072,3.2039,0.4273
858,3.0720,0.4058,3.1126,0.4315
859,3.1027,0.4072,3.1248,0.4291
860,3.1500,0.4046,3.1524,0.4273
861,3.0563,0.4094,3.1202,0.4263
862,3.1380,0.4006,3.1341,0.4276
863,3.1552,0.4036,3.1617,0.4302
864,3.0790,0.4042,3.1378,0.4312
865,3.1401,0.4110,3.2251,0.4270
866,3.0984,0.4064,3.0898,0.4319
867,3.1188,0.4034,3.1116,0.4338
868,3.1213,0.4002,3.1468,0.4290
869,3.0969,0.4184,3.1304,0.4363
870,3.1311,0.4096,3.1528,0.4345
871,3.0401,0.4076,3.1261,0.4298
872,3.1628,0.4112,3.1625,0.4321
873,3.0950,0.4086,3.1491,0.4306
874,3.1316,0.4072,3.1943,0.4348
875,3.0651,0.4170,3.1338,0.4316
876,3.1511,0.4170,3.1607,0.4325
877,3.1383,0.4010,3.1238,0.4280
878,3.1227,0.4138,3.1577,0.4334
879,3.1054,0.4070,3.1340,0.4338
880,3.0746,0.4060,3.1077,0.4354
881,3.1195,0.4120,3.1239,0.4314
882,3.1082,0.4076,3.1537,0.4335
883,3.1189,0.4148,3.2030,0.4338
884,3.0890,0.4122,3.1450,0.4301
885,3.1686,0.4102,3.1907,0.4308
886,3.1256,0.4130,3.1658,0.4305
887,3.1080,0.4074,3.1441,0.4322
888,3.1249,0.4028,3.1735,0.4306
889,3.1531,0.4008,3.1762,0.4265
890,3.1131,0.4078,3.1731,0.4323
891,3.1705,0.4042,3.1588,0.4331
892,3.1691,0.4072,3.1945,0.4340
893,3.1324,0.4076,3.1568,0.4368
894,3.1338,0.4018,3.1748,0.4348
895,3.0976,0.4026,3.1336,0.4316
896,3.1444,0.4148,3.2192,0.4331
897,3.0973,0.4028,3.1373,0.4324
898,3.1424,0.4106,3.2071,0.4295
899,3.1454,0.4048,3.2098,0.4322
900,3.0603,0.4104,3.1538,0.4360
901,3.1664,0.4158,3.1717,0.4316
902,3.2100,0.4072,3.1693,0.4313
903,3.0998,0.4046,3.1386,0.4362
904,3.1824,0.4084,3.2103,0.4365
905,3.1155,0.3982,3.1287,0.4326
906,3.1663,0.4100,3.1748,0.4368
907,3.1680,0.4172,3.2202,0.4362
908,3.1119,0.4120,3.1370,0.4347
909,3.1324,0.4164,3.1677,0.4309
910,3.1315,0.4050,3.1468,0.4337
911,3.1168,0.4098,3.1612,0.4329
912,3.1153,0.4156,3.1906,0.4317
913,3.0994,0.4106,3.1204,0.4319
914,3.1462,0.4112,3.2132,0.4342
915,3.0801,0.4010,3.1347,0.4311
916,3.1724,0.4166,3.2083,0.4318
917,3.1528,0.4012,3.1837,0.4297
918,3.1001,0.4064,3.1509,0.4333
919,3.1861,0.3990,3.2094,0.4347
920,3.1729,0.4122,3.2194,0.4366
921,3.1201,0.4064,3.1871,0.4321
922,3.1500,0.4128,3.2090,0.4347
923,3.1806,0.4106,3.2202,0.4342
924,3.1543,0.4080,3.2454,0.4331
925,3.1119,0.4090,3.1726,0.4325
926,3.1961,0.4022,3.2387,0.4357
927,3.1534,0.4034,3.2185,0.4347
928,3.1977,0.4032,3.2488,0.4289
929,3.1143,0.4112,3.1887,0.4294
930,3.1379,0.4096,3.2554,0.4283
931,3.1778,0.4122,3.2273,0.4308
932,3.1701,0.4110,3.2596,0.4280
933,3.1291,0.4158,3.2090,0.4309
934,3.1567,0.4124,3.2193,0.4361
935,3.1421,0.4106,3.2740,0.4290
936,3.1935,0.4156,3.2678,0.4373
937,3.1392,0.4082,3.1914,0.4273
938,3.1241,0.4122,3.2147,0.4322
939,3.1713,0.4174,3.2251,0.4371
940,3.1527,0.4098,3.2248,0.4283
941,3.1507,0.4114,3.1974,0.4302
942,3.1449,0.4096,3.1835,0.4333
943,3.1086,0.4086,3.1922,0.4363
944,3.1629,0.4070,3.2448,0.4331
945,3.1184,0.4136,3.2265,0.4368
946,3.2056,0.4084,3.2223,0.4341
947,3.2205,0.4022,3.2540,0.4359
948,3.1984,0.4086,3.2117,0.4361
949,3.2041,0.4106,3.2427,0.4349
950,3.1451,0.4112,3.2032,0.4341
951,3.1701,0.4134,3.2586,0.4360
952,3.1441,0.4094,3.2121,0.4335
953,3.1702,0.4080,3.2161,0.4345
954,3.2113,0.4110,3.2389,0.4317
955,3.1912,0.4142,3.2276,0.4317
956,3.2384,0.4136,3.2971,0.4337
957,3.2380,0.4120,3.3066,0.4322
958,3.2179,0.4180,3.2883,0.4343
959,3.2044,0.4152,3.2928,0.4335
960,3.2102,0.4106,3.2893,0.4297
961,3.1563,0.4080,3.2497,0.4292
962,3.1782,0.4060,3.2498,0.4322
963,3.1502,0.4134,3.2408,0.4284
964,3.2723,0.4086,3.3218,0.4325
965,3.1516,0.4064,3.2270,0.4282
966,3.2235,0.4106,3.2886,0.4311
967,3.2082,0.4104,3.2795,0.4254
968,3.2209,0.4176,3.3118,0.4293
969,3.1931,0.4096,3.2457,0.4342
970,3.1602,0.4130,3.2348,0.4346
971,3.2530,0.4162,3.3073,0.4330
972,3.1463,0.4136,3.2351,0.4328
973,3.1881,0.4170,3.2917,0.4331
974,3.1352,0.4158,3.1976,0.4310
975,3.1803,0.4186,3.2830,0.4327
976,3.3231,0.4110,3.3457,0.4329
977,3.2070,0.4072,3.2772,0.4312
978,3.1994,0.4086,3.2491,0.4348
979,3.1691,0.4114,3.2698,0.4303
980,3.1943,0.4130,3.2719,0.4334
981,3.2733,0.4144,3.3176,0.4298
982,3.1226,0.4106,3.2024,0.4319
983,3.1405,0.4214,3.2277,0.4324
984,3.1854,0.4134,3.2739,0.4301
985,3.2083,0.4130,3.3017,0.4346
986,3.1748,0.4062,3.2556,0.4332
987,3.1783,0.4062,3.2712,0.4316
988,3.1976,0.4160,3.2903,0.4373
989,3.1697,0.4174,3.2796,0.4278
990,3.1669,0.4116,3.2560,0.4304
991,3.2900,0.4038,3.2729,0.4322
992,3.2496,0.4154,3.3215,0.4356
993,3.1982,0.4204,3.2972,0.4317
994,3.2002,0.4156,3.2959,0.4379
995,3.1996,0.4182,3.3319,0.4291
996,3.1894,0.4074,3.2727,0.4362
997,3.2056,0.4226,3.2577,0.4339
998,3.2855,0.4144,3.2912,0.4378
999,3.2294,0.4158,3.3140,0.4352
1000,3.2920,0.4142,3.3506,0.4315
1001,3.2472,0.4124,3.2985,0.4320
1002,3.2139,0.4186,3.3064,0.4359
1003,3.2164,0.4070,3.2914,0.4293
1004,3.2161,0.4146,3.2910,0.4322
1005,3.2470,0.4092,3.3134,0.4371
1006,3.1930,0.4144,3.2742,0.4360
1007,3.2163,0.4050,3.3082,0.4309
1008,3.2563,0.3964,3.3073,0.4310
1009,3.2778,0.4130,3.3223,0.4317
1010,3.2164,0.4010,3.2737,0.4337
1011,3.2985,0.4116,3.3316,0.4345
1012,3.2442,0.4050,3.3362,0.4308
1013,3.2457,0.4102,3.3270,0.4289
1014,3.2250,0.4122,3.3213,0.4369
1015,3.2902,0.4048,3.3474,0.4324
1016,3.1941,0.4028,3.2689,0.4309
1017,3.2384,0.4104,3.3293,0.4335
1018,3.2743,0.4138,3.3326,0.4318
1019,3.2140,0.4120,3.2562,0.4356
1020,3.2955,0.4094,3.3302,0.4349
1021,3.2365,0.4134,3.3273,0.4311
1022,3.2139,0.4148,3.3319,0.4368
1023,3.2002,0.4168,3.3076,0.4362
1024,3.2407,0.4184,3.3247,0.4365
1025,3.2442,0.4224,3.3223,0.4415
1026,3.1821,0.4118,3.2812,0.4377
1027,3.2481,0.4180,3.3397,0.4399
1028,3.2281,0.3986,3.2672,0.4313
1029,3.2657,0.4148,3.3533,0.4315
1030,3.2390,0.4162,3.3392,0.4387
1031,3.2550,0.4064,3.3241,0.4324
1032,3.2619,0.4130,3.3093,0.4380
1033,3.2968,0.4106,3.3494,0.4364
1034,3.2181,0.4046,3.3254,0.4325
1035,3.3493,0.4058,3.3734,0.4386
1036,3.2706,0.4076,3.3383,0.4321
1037,3.2720,0.4108,3.3475,0.4370
1038,3.2032,0.4126,3.3116,0.4345
1039,3.2733,0.4108,3.3316,0.4392
1040,3.3115,0.4040,3.3459,0.4360
1041,3.2496,0.4036,3.3294,0.4317
1042,3.2411,0.4182,3.3088,0.4351
1043,3.2808,0.4126,3.3858,0.4376
1044,3.3087,0.4100,3.3397,0.4348
1045,3.3204,0.4076,3.3550,0.4386
1046,3.2639,0.4062,3.3607,0.4384
1047,3.2583,0.4142,3.3382,0.4380
1048,3.2452,0.4144,3.3736,0.4312
1049,3.2379,0.4090,3.3572,0.4343
1050,3.2868,0.4076,3.3386,0.4317
1051,3.2407,0.4082,3.2861,0.4351
1052,3.2313,0.4042,3.3178,0.4335
1053,3.2565,0.4214,3.3555,0.4375
1054,3.2340,0.4148,3.3129,0.4323
1055,3.2745,0.4076,3.3243,0.4285
1056,3.2168,0.4048,3.3514,0.4302
1057,3.2748,0.4132,3.3669,0.4359
1058,3.2580,0.4098,3.3576,0.4306
1059,3.2996,0.4106,3.3776,0.4300
1060,3.2433,0.4162,3.3600,0.4307
1061,3.2899,0.4168,3.3880,0.4311
1062,3.2768,0.4158,3.3607,0.4335
1063,3.2572,0.4214,3.4099,0.4315
1064,3.2680,0.4008,3.3233,0.4343
1065,3.3096,0.4080,3.3786,0.4324
1066,3.3309,0.4096,3.4059,0.4313
1067,3.3244,0.4124,3.4184,0.4298
1068,3.2378,0.4122,3.3473,0.4272
1069,3.2750,0.4134,3.3448,0.4350
1070,3.2785,0.4118,3.3653,0.4300
1071,3.2632,0.4130,3.3951,0.4302
1072,3.2697,0.4118,3.3507,0.4324
1073,3.3108,0.4156,3.3894,0.4364
1074,3.3764,0.4100,3.3926,0.4391
1075,3.2793,0.4200,3.3533,0.4335
1076,3.3044,0.4148,3.3428,0.4369
1077,3.3205,0.4128,3.3844,0.4330
1078,3.3068,0.4128,3.3692,0.4320
1079,3.2856,0.4134,3.3616,0.4347
1080,3.3007,0.4060,3.3427,0.4337
1081,3.3319,0.4130,3.4042,0.4353
1082,3.2459,0.4120,3.3213,0.4365
1083,3.2493,0.4106,3.3722,0.4371
1084,3.3051,0.4106,3.3581,0.4371
1085,3.2841,0.4192,3.3762,0.4376
1086,3.2741,0.4228,3.3952,0.4310
1087,3.3352,0.4216,3.3959,0.4359
1088,3.3058,0.4166,3.3806,0.4341
1089,3.3608,0.4020,3.4291,0.4317
1090,3.2590,0.4216,3.3476,0.4367
1091,3.3235,0.4204,3.3801,0.4352
1092,3.3524,0.4070,3.4268,0.4339
1093,3.3007,0.4160,3.4008,0.4325
1094,3.2931,0.4030,3.3540,0.4366
1095,3.3437,0.4044,3.4162,0.4336
1096,3.3364,0.4072,3.3743,0.4366
1097,3.2977,0.4152,3.4260,0.4324
1098,3.3068,0.4164,3.3743,0.4333
1099,3.2863,0.4140,3.3800,0.4363
1100,3.3165,0.4110,3.4127,0.4320
1101,3.2737,0.4168,3.3729,0.4331
1102,3.3766,0.4090,3.4467,0.4351
1103,3.3891,0.4126,3.4270,0.4336
1104,3.3273,0.4172,3.4228,0.4362
1105,3.2699,0.4246,3.4443,0.4341
1106,3.3691,0.4126,3.4552,0.4325
1107,3.3131,0.4132,3.4299,0.4292
1108,3.3378,0.4108,3.4085,0.4351
1109,3.3830,0.4150,3.4602,0.4308
1110,3.3818,0.4118,3.4539,0.4327
1111,3.3510,0.4132,3.4327,0.4324
1112,3.3144,0.4154,3.3896,0.4304
1113,3.3268,0.4102,3.4000,0.4315
1114,3.4198,0.4172,3.4814,0.4350
1115,3.3189,0.4184,3.4243,0.4340
1116,3.3569,0.4184,3.4233,0.4359
1117,3.3102,0.4134,3.4505,0.4295
1118,3.2959,0.4118,3.4226,0.4227
1119,3.3460,0.4180,3.4313,0.4358
1120,3.3987,0.4152,3.4823,0.4330
1121,3.3511,0.4072,3.4522,0.4269
1122,3.2427,0.4204,3.3985,0.4325
1123,3.3531,0.4140,3.4147,0.4347
1124,3.4073,0.4104,3.4497,0.4353
1125,3.3125,0.4064,3.4311,0.4319
1126,3.3287,0.4156,3.4637,0.4302
1127,3.3680,0.4164,3.4545,0.4289
1128,3.3732,0.4122,3.4732,0.4309
1129,3.3497,0.4184,3.4837,0.4368
1130,3.3070,0.4204,3.4452,0.4352
1131,3.3671,0.4136,3.4641,0.4335
1132,3.3042,0.4174,3.3960,0.4339
1133,3.3900,0.4132,3.4785,0.4320
1134,3.4293,0.4138,3.5037,0.4307
1135,3.4187,0.4104,3.4946,0.4346
1136,3.3612,0.4174,3.4421,0.4364
1137,3.3564,0.4186,3.4995,0.4368
1138,3.3114,0.4088,3.4123,0.4335
1139,3.3291,0.4150,3.4271,0.4305
1140,3.3466,0.4128,3.4636,0.4354
1141,3.3780,0.4108,3.4996,0.4318
1142,3.2493,0.4192,3.3791,0.4368
1143,3.3353,0.4232,3.4602,0.4352
1144,3.3617,0.4154,3.4408,0.4291
1145,3.4181,0.4172,3.4925,0.4336
1146,3.3760,0.4128,3.4750,0.4334
1147,3.3838,0.4120,3.4633,0.4341
1148,3.4594,0.4190,3.5380,0.4345
1149,3.3310,0.4200,3.4767,0.4337
1150,3.3907,0.4098,3.4971,0.4382
1151,3.3717,0.4192,3.5128,0.4345
1152,3.2919,0.4106,3.4218,0.4379
1153,3.3823,0.4156,3.5142,0.4320
1154,3.3811,0.4200,3.5470,0.4351
1155,3.3607,0.4108,3.4695,0.4296
1156,3.3102,0.4210,3.4878,0.4373
1157,3.3957,0.4040,3.4686,0.4369
1158,3.3971,0.4204,3.5072,0.4352
1159,3.3673,0.4202,3.4676,0.4345
1160,3.3709,0.4208,3.4574,0.4377
1161,3.3733,0.4230,3.4634,0.4370
1162,3.3835,0.4160,3.5103,0.4355
1163,3.3995,0.4178,3.4726,0.4330
1164,3.3854,0.4114,3.4863,0.4344
1165,3.3627,0.4182,3.4788,0.4329
1166,3.2935,0.4184,3.4165,0.4310
1167,3.3950,0.4166,3.5038,0.4323
1168,3.3589,0.4150,3.5217,0.4338
1169,3.3813,0.4162,3.4717,0.4350
1170,3.4303,0.4126,3.4943,0.4360
1171,3.3902,0.4142,3.4985,0.4325
1172,3.3380,0.4164,3.4597,0.4381
1173,3.3443,0.4186,3.4698,0.4331
1174,3.3911,0.4158,3.5215,0.4336
1175,3.4059,0.4138,3.5023,0.4341
1176,3.3692,0.4146,3.4592,0.4351
1177,3.4086,0.4086,3.4989,0.4304
1178,3.4153,0.4088,3.5091,0.4368
1179,3.3733,0.4138,3.5099,0.4324
1180,3.4435,0.4168,3.5253,0.4341
1181,3.4176,0.4178,3.5014,0.4366
1182,3.4614,0.4124,3.5547,0.4380
1183,3.4223,0.4062,3.5104,0.4308
1184,3.4506,0.4192,3.5347,0.4357
1185,3.3600,0.4180,3.4742,0.4336
1186,3.4244,0.4174,3.5118,0.4344
1187,3.3532,0.4162,3.5037,0.4360
1188,3.4366,0.4110,3.4808,0.4278
1189,3.3938,0.4170,3.5167,0.4371
1190,3.4604,0.4100,3.5416,0.4350
1191,3.3550,0.4214,3.4811,0.4355
1192,3.4628,0.4030,3.5467,0.4336
1193,3.4314,0.4146,3.5292,0.4324
1194,3.4215,0.4162,3.5517,0.4295
1195,3.4312,0.4136,3.5207,0.4316
1196,3.3355,0.4216,3.4843,0.4348
1197,3.4055,0.4180,3.5446,0.4377
1198,3.4299,0.4220,3.5579,0.4368
1199,3.3990,0.4120,3.5094,0.4379
1200,3.4772,0.4058,3.5745,0.4349
1201,3.4385,0.4112,3.5468,0.4319
1202,3.4171,0.4130,3.5348,0.4268
1203,3.4537,0.4164,3.5535,0.4339
1204,3.4546,0.4146,3.5436,0.4286
1205,3.4795,0.4118,3.5459,0.4300
1206,3.4576,0.4078,3.5278,0.4315
1207,3.4202,0.4138,3.5056,0.4351
1208,3.4167,0.4174,3.5419,0.4362
1209,3.4746,0.4178,3.6108,0.4304
1210,3.5285,0.4218,3.6149,0.4340
1211,3.5095,0.4140,3.5681,0.4349
1212,3.4816,0.4162,3.6092,0.4325
1213,3.4072,0.4196,3.5242,0.4320
1214,3.3950,0.4148,3.5449,0.4350
1215,3.4501,0.4210,3.5707,0.4349
1216,3.4292,0.4160,3.5858,0.4399
1217,3.4054,0.4138,3.5333,0.4338
1218,3.4188,0.4170,3.5504,0.4373
1219,3.4561,0.4162,3.5627,0.4368
1220,3.4278,0.4168,3.5697,0.4315
1221,3.5243,0.4170,3.5896,0.4343
1222,3.4374,0.4094,3.5465,0.4339
1223,3.4260,0.4140,3.5590,0.4340
1224,3.4259,0.4166,3.5370,0.4328
1225,3.5285,0.4108,3.5830,0.4337
1226,3.4842,0.4026,3.5511,0.4310
1227,3.4289,0.4152,3.5360,0.4310
1228,3.5469,0.4088,3.6041,0.4347
1229,3.4343,0.4172,3.5398,0.4330
1230,3.4892,0.4168,3.5775,0.4326
1231,3.4363,0.4146,3.5610,0.4341
1232,3.5281,0.4084,3.5966,0.4388
1233,3.5038,0.4090,3.5739,0.4311
1234,3.4652,0.4178,3.5509,0.4387
1235,3.5185,0.4088,3.6155,0.4358
1236,3.4010,0.4158,3.5396,0.4388
1237,3.4830,0.4136,3.6192,0.4363
1238,3.4820,0.4140,3.5670,0.4367
1239,3.4328,0.4142,3.5624,0.4332
1240,3.4713,0.4186,3.5772,0.4333
1241,3.4266,0.4118,3.5558,0.4320
1242,3.5073,0.4068,3.5719,0.4328
1243,3.4952,0.4124,3.5658,0.4346
1244,3.4669,0.4132,3.5710,0.4370
1245,3.4434,0.4112,3.5787,0.4333
1246,3.4534,0.4158,3.5592,0.4374
1247,3.4577,0.4240,3.5983,0.4386
1248,3.4749,0.4176,3.5980,0.4415
1249,3.4538,0.4166,3.6035,0.4353
1250,3.5500,0.4138,3.6374,0.4407
1251,3.4677,0.4246,3.5761,0.4354
1252,3.4676,0.4178,3.5452,0.4360
1253,3.3865,0.4188,3.5618,0.4336
1254,3.5296,0.4146,3.6140,0.4327
1255,3.5167,0.4146,3.6556,0.4356
1256,3.4386,0.4224,3.5722,0.4411
1257,3.4783,0.4120,3.6227,0.4317
1258,3.4623,0.4180,3.5833,0.4379
1259,3.4769,0.4160,3.5784,0.4374
1260,3.5017,0.4172,3.6090,0.4357
1261,3.4722,0.4186,3.5876,0.4380
1262,3.4270,0.4118,3.5690,0.4372
1263,3.5145,0.4154,3.6333,0.4354
1264,3.5484,0.4162,3.6558,0.4379
1265,3.4857,0.4222,3.5841,0.4357
1266,3.5903,0.4060,3.6620,0.4382
1267,3.5094,0.4232,3.6389,0.4355
1268,3.4165,0.4164,3.6213,0.4334
1269,3.5626,0.4212,3.6592,0.4394
1270,3.4388,0.4154,3.5899,0.4326
1271,3.5070,0.4086,3.6261,0.4291
1272,3.4257,0.4152,3.5374,0.4384
1273,3.4954,0.4130,3.6146,0.4345
1274,3.4895,0.4090,3.6267,0.4280
1275,3.5232,0.4130,3.6045,0.4310
1276,3.4216,0.4194,3.5793,0.4366
1277,3.5020,0.4130,3.6213,0.4328
1278,3.4845,0.4214,3.6123,0.4331
1279,3.5394,0.4158,3.6750,0.4354
1280,3.4977,0.4212,3.6076,0.4366
1281,3.4860,0.4178,3.6222,0.4361
1282,3.5809,0.4060,3.6498,0.4320
1283,3.5244,0.4132,3.6120,0.4374
1284,3.5061,0.4088,3.6100,0.4362
1285,3.4773,0.4150,3.5944,0.4317
1286,3.5218,0.4160,3.6594,0.4357
1287,3.5751,0.4110,3.6627,0.4381
1288,3.5131,0.4174,3.6489,0.4355
1289,3.5236,0.4206,3.6205,0.4356
1290,3.4693,0.4156,3.5997,0.4354
1291,3.5090,0.4196,3.5775,0.4388
1292,3.5174,0.4188,3.6234,0.4361
1293,3.5097,0.4126,3.6199,0.4380
1294,3.5302,0.4222,3.6508,0.4404
1295,3.4810,0.4220,3.6304,0.4406
1296,3.5336,0.4118,3.6167,0.4373
1297,3.4699,0.4140,3.6242,0.4398
1298,3.5132,0.4198,3.6288,0.4348
1299,3.5162,0.4118,3.6449,0.4317
1300,3.5184,0.4240,3.6419,0.4366
1301,3.5255,0.4186,3.6997,0.4353
1302,3.4520,0.4118,3.6124,0.4346
1303,3.5365,0.4154,3.6243,0.4386
1304,3.4971,0.4158,3.6242,0.4348
1305,3.5113,0.4170,3.6338,0.4419
1306,3.5328,0.4114,3.6395,0.4334
1307,3.5247,0.4240,3.6398,0.4365
1308,3.5230,0.4208,3.6472,0.4385
1309,3.5273,0.4156,3.6432,0.4379
1310,3.5789,0.4212,3.7041,0.4346
1311,3.5984,0.4152,3.6983,0.4402
1312,3.5316,0.4248,3.6746,0.4361
1313,3.5109,0.4138,3.6610,0.4324
1314,3.4753,0.4248,3.6136,0.4353
1315,3.5790,0.4162,3.6513,0.4378
1316,3.5207,0.4154,3.6656,0.4345
1317,3.5331,0.4206,3.6199,0.4380
1318,3.5071,0.4234,3.6407,0.4381
1319,3.4929,0.4258,3.6145,0.4381
1320,3.5526,0.4224,3.6775,0.4364
1321,3.5274,0.4264,3.6631,0.4391
1322,3.5206,0.4132,3.6556,0.4310
1323,3.5689,0.4210,3.6580,0.4426
1324,3.5502,0.4162,3.7003,0.4299
1325,3.5259,0.4190,3.6397,0.4337
1326,3.5376,0.4160,3.6862,0.4395
1327,3.5676,0.4112,3.6984,0.4357
1328,3.5747,0.4128,3.7027,0.4329
1329,3.6048,0.4172,3.7001,0.4453
1330,3.5068,0.4158,3.6257,0.4379
1331,3.5910,0.4092,3.6605,0.4385
1332,3.5563,0.4194,3.6823,0.4387
1333,3.5144,0.4186,3.6447,0.4385
1334,3.5347,0.4166,3.6892,0.4346
1335,3.5604,0.4158,3.7049,0.4344
1336,3.5275,0.4140,3.6758,0.4394
1337,3.5736,0.4204,3.6933,0.4368
1338,3.5674,0.4146,3.6925,0.4370
1339,3.6055,0.4154,3.7259,0.4339
1340,3.5196,0.4170,3.7030,0.4350
1341,3.5868,0.4224,3.7306,0.4367
1342,3.5453,0.4104,3.6781,0.4360
1343,3.5813,0.4150,3.7005,0.4350
1344,3.5497,0.4224,3.7283,0.4370
1345,3.6317,0.4132,3.7340,0.4346
1346,3.5716,0.4134,3.7488,0.4362
1347,3.6901,0.3996,3.7416,0.4351
1348,3.5639,0.4166,3.7042,0.4372
1349,3.4503,0.4232,3.6083,0.4335
1350,3.5702,0.4224,3.7534,0.4346
1351,3.5825,0.4204,3.7367,0.4370
1352,3.5978,0.4178,3.7082,0.4382
1353,3.5524,0.4184,3.7425,0.4319
1354,3.5472,0.4174,3.7162,0.4349
1355,3.6312,0.4168,3.7586,0.4364
1356,3.5529,0.4240,3.7249,0.4366
1357,3.5528,0.4140,3.7685,0.4350
1358,3.5207,0.4248,3.7154,0.4323
1359,3.5822,0.4194,3.7377,0.4389
1360,3.6676,0.4072,3.7938,0.4307
1361,3.6564,0.4128,3.7834,0.4317
1362,3.6038,0.4128,3.6801,0.4316
1363,3.5875,0.4286,3.7383,0.4302
1364,3.5108,0.4220,3.6671,0.4372
1365,3.5645,0.4190,3.7290,0.4343
1366,3.5532,0.4256,3.7107,0.4360
1367,3.6176,0.4244,3.7470,0.4362
1368,3.6080,0.4158,3.7876,0.4343
1369,3.6581,0.4100,3.7784,0.4300
1370,3.5834,0.4158,3.6968,0.4324
1371,3.6060,0.4130,3.7266,0.4329
1372,3.5438,0.4230,3.7455,0.4402
1373,3.5990,0.4118,3.7018,0.4371
1374,3.6260,0.4168,3.7844,0.4361
1375,3.5703,0.4234,3.7344,0.4348
1376,3.6170,0.4212,3.7349,0.4366
1377,3.6133,0.4164,3.7593,0.4387
1378,3.5994,0.4144,3.7196,0.4325
1379,3.6039,0.4180,3.7608,0.4384
1380,3.6028,0.4162,3.7207,0.4332
1381,3.5829,0.4182,3.7588,0.4374
1382,3.6430,0.4166,3.7883,0.4339
1383,3.5632,0.4132,3.7498,0.4323
1384,3.6205,0.4036,3.7485,0.4298
1385,3.6058,0.4190,3.7352,0.4375
1386,3.6134,0.4110,3.7204,0.4383
1387,3.6601,0.4148,3.7838,0.4311
1388,3.6113,0.4114,3.7371,0.4328
1389,3.6020,0.4090,3.7410,0.4380
1390,3.7040,0.4106,3.7836,0.4306
1391,3.6028,0.4186,3.7397,0.4344
1392,3.5559,0.4184,3.7261,0.4350
1393,3.6112,0.4084,3.7740,0.4344
1394,3.6491,0.4128,3.8099,0.4367
1395,3.5478,0.4136,3.7209,0.4351
1396,3.6093,0.4146,3.7636,0.4379
1397,3.6223,0.4114,3.7680,0.4356
1398,3.6194,0.4100,3.7655,0.4331
1399,3.5672,0.4186,3.7318,0.4406
1400,3.5977,0.4148,3.7317,0.4365
1401,3.6809,0.4088,3.8254,0.4331
1402,3.5892,0.4228,3.7781,0.4389
1403,3.6247,0.4160,3.7700,0.4399
1404,3.6203,0.4150,3.7785,0.4386
1405,3.6129,0.4222,3.7851,0.4342
1406,3.7117,0.4212,3.8322,0.4337
1407,3.6737,0.4134,3.7735,0.4323
1408,3.6121,0.4212,3.7683,0.4378
1409,3.6158,0.4136,3.7825,0.4306
1410,3.6217,0.4224,3.8104,0.4345
1411,3.5507,0.4142,3.7329,0.4336
1412,3.5860,0.4208,3.7625,0.4352
1413,3.6469,0.4144,3.8027,0.4346
1414,3.6250,0.4186,3.7937,0.4378
1415,3.6359,0.4224,3.8490,0.4372
1416,3.6081,0.4252,3.7913,0.4369
1417,3.6330,0.4224,3.7945,0.4423
1418,3.6609,0.4148,3.8072,0.4405
1419,3.6693,0.4144,3.8359,0.4346
1420,3.6590,0.4170,3.8253,0.4351
1421,3.5857,0.4252,3.7581,0.4403
1422,3.6354,0.4210,3.8240,0.4367
1423,3.6913,0.4174,3.8430,0.4450
1424,3.6287,0.4168,3.7821,0.4375
1425,3.6807,0.4142,3.8085,0.4360
1426,3.6543,0.4174,3.7992,0.4435
1427,3.6118,0.4154,3.7765,0.4318
1428,3.7156,0.4148,3.8559,0.4391
1429,3.6174,0.4108,3.7396,0.4374
1430,3.6272,0.4176,3.7628,0.4373
1431,3.5994,0.4122,3.7440,0.4400
1432,3.7123,0.4192,3.7974,0.4371
1433,3.6060,0.4148,3.7656,0.4387
1434,3.6636,0.4218,3.7957,0.4395
1435,3.7237,0.4150,3.8143,0.4399
1436,3.5895,0.4050,3.7379,0.4379
1437,3.6414,0.4216,3.8270,0.4331
1438,3.6176,0.4166,3.7641,0.4417
1439,3.6244,0.4178,3.7528,0.4429
1440,3.6375,0.4222,3.7933,0.4394
1441,3.6153,0.4168,3.7720,0.4384
1442,3.7405,0.4134,3.8145,0.4381
1443,3.6278,0.4224,3.7947,0.4388
1444,3.7130,0.4112,3.7983,0.4348
1445,3.5469,0.4244,3.7049,0.4390
1446,3.6657,0.4178,3.8122,0.4351
1447,3.6914,0.4148,3.8090,0.4361
1448,3.6731,0.4146,3.8236,0.4348
1449,3.6634,0.4190,3.7943,0.4344
1450,3.7250,0.4138,3.8106,0.4344
1451,3.6932,0.4184,3.8016,0.4418
1452,3.7082,0.4148,3.8321,0.4365
1453,3.7346,0.4230,3.8495,0.4360
1454,3.6500,0.4232,3.8332,0.4364
1455,3.6266,0.4200,3.8123,0.4331
1456,3.6157,0.4266,3.7929,0.4388
1457,3.6660,0.4206,3.7964,0.4407
1458,3.6143,0.4232,3.7906,0.4372
1459,3.6916,0.4114,3.7928,0.4364
1460,3.6364,0.4242,3.7773,0.4367
1461,3.6636,0.4188,3.7724,0.4365
1462,3.7104,0.4186,3.8592,0.4363
1463,3.6365,0.4116,3.7853,0.4368
1464,3.7096,0.4170,3.8301,0.4363
1465,3.6129,0.4258,3.7825,0.4382
1466,3.6790,0.4238,3.8154,0.4346
1467,3.7287,0.4134,3.8326,0.4374
1468,3.6497,0.4222,3.8185,0.4364
1469,3.7140,0.4150,3.8443,0.4405
1470,3.7529,0.4186,3.8609,0.4404
1471,3.7182,0.4142,3.8528,0.4352
1472,3.6774,0.4114,3.8286,0.4387
1473,3.6319,0.4254,3.8227,0.4371
1474,3.6515,0.4130,3.8292,0.4382
1475,3.6888,0.4256,3.8722,0.4397
1476,3.6093,0.4258,3.8284,0.4356
1477,3.7142,0.4180,3.8408,0.4325
1478,3.6647,0.4218,3.8657,0.4322
1479,3.7095,0.4238,3.8966,0.4309
1480,3.5716,0.4162,3.7561,0.4360
1481,3.6974,0.4300,3.8595,0.4360
1482,3.7328,0.4220,3.8410,0.4394
1483,3.6266,0.4166,3.8199,0.4347
1484,3.6455,0.4244,3.8690,0.4378
1485,3.6113,0.4252,3.8518,0.4298
1486,3.7064,0.4190,3.8553,0.4302
1487,3.6571,0.4162,3.8076,0.4392
1488,3.7049,0.4134,3.8526,0.4304
1489,3.6952,0.4080,3.7990,0.4320
1490,3.6498,0.4210,3.8394,0.4363
1491,3.7268,0.4212,3.8724,0.4390
1492,3.6794,0.4112,3.8696,0.4375
1493,3.6466,0.4248,3.8819,0.4325
1494,3.6884,0.4160,3.8611,0.4400
1495,3.7300,0.4200,3.8964,0.4370
1496,3.6478,0.4236,3.8396,0.4383
1497,3.7084,0.4194,3.8777,0.4327
1498,3.6926,0.4204,3.8544,0.4376
1499,3.7278,0.4254,3.8751,0.4370
1500,3.6946,0.4182,3.8831,0.4365
1501,3.7341,0.4218,3.8983,0.4358
1502,3.7089,0.4200,3.8897,0.4310
1503,3.7280,0.4198,3.8707,0.4415
1504,3.7502,0.4182,3.8989,0.4338
1505,3.7038,0.4266,3.9478,0.4370
1506,3.6585,0.4198,3.9163,0.4339
1507,3.7246,0.4146,3.8657,0.4357
1508,3.6948,0.4196,3.8717,0.4322
1509,3.6159,0.4174,3.8673,0.4330
1510,3.7138,0.4234,3.8639,0.4365
1511,3.6952,0.4202,3.8606,0.4423
1512,3.7093,0.4208,3.8793,0.4364
1513,3.7064,0.4260,3.8769,0.4333
1514,3.7189,0.4194,3.8734,0.4367
1515,3.6257,0.4238,3.8344,0.4377
1516,3.6451,0.4144,3.8702,0.4301
1517,3.7100,0.4290,3.9015,0.4371
1518,3.6571,0.4190,3.8665,0.4334
1519,3.7090,0.4250,3.9219,0.4362
1520,3.6816,0.4178,3.8627,0.4337
1521,3.6787,0.4238,3.8602,0.4415
1522,3.7357,0.4172,3.9219,0.4354
1523,3.6746,0.4162,3.9235,0.4350
1524,3.6939,0.4192,3.8882,0.4342
1525,3.6940,0.4138,3.8849,0.4347
1526,3.7595,0.4200,3.9517,0.4376
1527,3.7302,0.4154,3.9014,0.4317
1528,3.7211,0.4192,3.9157,0.4321
1529,3.7670,0.4212,3.9499,0.4351
1530,3.7734,0.4196,3.9056,0.4311
1531,3.7241,0.4274,3.9132,0.4368
1532,3.7581,0.4222,3.9358,0.4374
1533,3.7220,0.4164,3.9019,0.4363
1534,3.6884,0.4220,3.9358,0.4348
1535,3.6871,0.4176,3.8972,0.4371
1536,3.7501,0.4146,3.8907,0.4371
1537,3.7374,0.4246,3.9607,0.4398
1538,3.7024,0.4234,3.9092,0.4356
1539,3.8208,0.4146,3.9391,0.4388
1540,3.7001,0.4230,3.8875,0.4315
1541,3.7261,0.4180,3.9394,0.4374
1542,3.6603,0.4240,3.9007,0.4289
1543,3.7263,0.4262,3.9227,0.4371
1544,3.7140,0.4136,3.8660,0.4344
1545,3.7251,0.4152,3.8932,0.4359
1546,3.7443,0.4206,3.9043,0.4373
1547,3.6159,0.4220,3.8854,0.4325
1548,3.8148,0.4182,3.9866,0.4348
1549,3.8142,0.4170,3.9329,0.4310
1550,3.7226,0.4166,3.8842,0.4380
1551,3.7674,0.4260,3.9388,0.4346
1552,3.7116,0.4204,3.9186,0.4366
1553,3.8198,0.4210,3.9296,0.4353
1554,3.8079,0.4168,3.9350,0.4369
1555,3.6990,0.4236,3.8940,0.4336
1556,3.7359,0.4168,3.9373,0.4320
1557,3.7585,0.4304,3.9385,0.4363
1558,3.7135,0.4200,3.9411,0.4326
1559,3.6413,0.4280,3.8799,0.4285
1560,3.6781,0.4120,3.8817,0.4352
1561,3.7255,0.4256,3.9096,0.4372
1562,3.6941,0.4150,3.8899,0.4343
1563,3.6909,0.4236,3.8652,0.4375
1564,3.7737,0.4140,3.8908,0.4335
1565,3.7386,0.4236,3.9398,0.4383
1566,3.8137,0.4176,3.9422,0.4348
1567,3.8067,0.4162,3.9558,0.4349
1568,3.8208,0.4162,3.9679,0.4336
1569,3.7459,0.4280,3.9035,0.4369
1570,3.7990,0.4206,3.9779,0.4368
1571,3.7605,0.4198,3.9454,0.4348
1572,3.8360,0.4214,3.9731,0.4367
1573,3.6981,0.4268,3.9317,0.4358
1574,3.7950,0.4194,3.9335,0.4364
1575,3.7683,0.4204,3.9393,0.4334
1576,3.6976,0.4252,3.9499,0.4330
1577,3.7282,0.4304,3.9513,0.4363
1578,3.7667,0.4184,3.9359,0.4317
1579,3.7911,0.4208,3.9951,0.4360
1580,3.7619,0.4238,3.9444,0.4401
1581,3.7409,0.4232,3.9949,0.4349
1582,3.7727,0.4242,3.9767,0.4363
1583,3.8115,0.4166,3.9624,0.4339
1584,3.7074,0.4288,3.8932,0.4345
1585,3.7660,0.4250,3.9421,0.4372
1586,3.8036,0.4212,3.9716,0.4358
1587,3.8033,0.4242,4.0182,0.4365
1588,3.7174,0.4178,3.9051,0.4337
1589,3.7252,0.4176,3.9632,0.4355
1590,3.6860,0.4228,3.9434,0.4333
1591,3.7746,0.4266,3.9860,0.4329
1592,3.7323,0.4256,3.9636,0.4347
1593,3.7678,0.4206,3.9748,0.4367
1594,3.7670,0.4192,3.9571,0.4307
1595,3.8164,0.4158,3.9698,0.4345
1596,3.8018,0.4142,3.9566,0.4366
1597,3.7990,0.4152,3.9979,0.4385
1598,3.7998,0.4244,3.9889,0.4360
1599,3.8351,0.4170,4.0221,0.4377
1600,3.7876,0.4196,3.9818,0.4394
1601,3.7459,0.4224,4.0035,0.4314
1602,3.7197,0.4176,3.9293,0.4387
1603,3.8232,0.4322,4.0407,0.4391
1604,3.7887,0.4154,3.9982,0.4345
1605,3.8365,0.4230,4.0271,0.4318
1606,3.7658,0.4184,3.9808,0.4359
1607,3.8512,0.4182,4.0208,0.4322
1608,3.8399,0.4210,4.0080,0.4350
1609,3.7344,0.4250,3.9544,0.4366
1610,3.8268,0.4202,4.0014,0.4377
1611,3.8473,0.4240,4.0244,0.4384
1612,3.8425,0.4168,4.0416,0.4354
1613,3.7900,0.4176,3.9384,0.4346
1614,3.8182,0.4244,3.9943,0.4389
1615,3.7434,0.4160,3.9319,0.4357
1616,3.7845,0.4172,3.9717,0.4316
1617,3.7656,0.4294,3.9909,0.4369
1618,3.7405,0.4208,4.0125,0.4336
1619,3.8153,0.4166,3.9340,0.4369
1620,3.8103,0.4246,3.9527,0.4394
1621,3.8595,0.4140,4.0128,0.4384
1622,3.8326,0.4294,4.0011,0.4391
1623,3.8236,0.4284,4.0265,0.4354
1624,3.7732,0.4298,4.0199,0.4362
1625,3.7699,0.4226,4.0126,0.4370
1626,3.7612,0.4270,3.9420,0.4346
1627,3.8174,0.4280,4.0734,0.4350
1628,3.7938,0.4184,3.9738,0.4354
1629,3.7938,0.4204,3.9848,0.4363
1630,3.7588,0.4284,3.9571,0.4342
1631,3.7950,0.4166,3.9498,0.4320
1632,3.8657,0.4186,4.0247,0.4360
1633,3.8931,0.4186,4.0510,0.4347
1634,3.7833,0.4184,4.0042,0.4351
1635,3.7972,0.4258,4.0257,0.4382
1636,3.7592,0.4292,3.9807,0.4358
1637,3.8081,0.4228,3.9815,0.4374
1638,3.8289,0.4258,3.9963,0.4383
1639,3.8449,0.4210,4.0106,0.4369
1640,3.8063,0.4246,4.0206,0.4335
1641,3.8097,0.4196,3.9881,0.4396
1642,3.8405,0.4238,3.9930,0.4381
1643,3.8170,0.4246,4.0767,0.4398
1644,3.7754,0.4294,4.0167,0.4335
1645,3.8792,0.4156,4.0524,0.4350
1646,3.7932,0.4232,3.9985,0.4378
1647,3.7941,0.4286,4.0308,0.4393
1648,3.7820,0.4230,4.0320,0.4361
1649,3.7633,0.4272,3.9915,0.4410
1650,3.8298,0.4214,4.0127,0.4370
1651,3.8574,0.4122,3.9908,0.4411
1652,3.7867,0.4210,4.0043,0.4361
1653,3.8052,0.4216,4.0125,0.4365
1654,3.8362,0.4258,4.0160,0.4354
1655,3.8320,0.4172,4.0290,0.4395
1656,3.8510,0.4178,4.0391,0.4367
1657,3.7870,0.4190,4.0045,0.4384
1658,3.7739,0.4198,4.0034,0.4370
1659,3.8760,0.4144,4.0276,0.4397
1660,3.8276,0.4204,4.0456,0.4358
1661,3.8082,0.4226,4.0194,0.4379
1662,3.8459,0.4270,4.0401,0.4396
1663,3.8096,0.4222,4.0178,0.4350
1664,3.8308,0.4144,4.0131,0.4346
1665,3.8244,0.4126,4.0476,0.4317
1666,3.8480,0.4146,4.0240,0.4398
1667,3.9000,0.4200,4.1055,0.4369
1668,3.8934,0.4206,4.0603,0.4374
1669,3.7915,0.4244,4.0323,0.4339
1670,3.8963,0.4164,4.0416,0.4364
1671,3.7988,0.4194,3.9833,0.4354
1672,3.8024,0.4202,3.9958,0.4403
1673,3.8127,0.4198,4.0132,0.4334
1674,3.7969,0.4126,4.0375,0.4366
1675,3.8619,0.4254,4.0503,0.4377
1676,3.8308,0.4210,4.0602,0.4344
1677,3.8575,0.4224,4.0394,0.4340
1678,3.8509,0.4160,4.0672,0.4347
1679,3.8669,0.4236,4.0695,0.4414
1680,3.8772,0.4228,4.0410,0.4387
1681,3.8480,0.4188,4.0507,0.4334
1682,3.8441,0.4180,4.0495,0.4392
1683,3.8837,0.4242,4.1060,0.4314
1684,3.8055,0.4258,4.0010,0.4346
1685,3.8775,0.4172,4.0025,0.4348
1686,3.8072,0.4268,4.0092,0.4403
1687,3.7784,0.4190,4.0041,0.4375
1688,3.8061,0.4200,4.0378,0.4372
1689,3.8098,0.4210,4.0359,0.4376
1690,3.8643,0.4222,4.0454,0.4370
1691,3.8357,0.4262,4.0325,0.4421
1692,3.9511,0.4150,4.1360,0.4361
1693,3.8546,0.4236,4.0719,0.4386
1694,3.9548,0.4192,4.1036,0.4379
1695,3.8730,0.4206,4.0716,0.4384
1696,3.8514,0.4188,4.0933,0.4369
1697,3.9169,0.4224,4.0899,0.4362
1698,3.8547,0.4232,4.1040,0.4362
1699,3.8728,0.4272,4.0738,0.4369
1700,3.9272,0.4238,4.1113,0.4375
1701,3.8340,0.4262,4.0827,0.4366
1702,3.9493,0.4258,4.1113,0.4412
1703,3.8613,0.4242,4.1034,0.4376
1704,3.8848,0.4236,4.0397,0.4396
1705,3.8947,0.4136,4.0673,0.4352
1706,3.8720,0.4248,4.0890,0.4367
1707,3.8374,0.4264,4.0648,0.4391
1708,3.8353,0.4234,4.0664,0.4410
1709,3.9138,0.4170,4.0448,0.4390
1710,3.8741,0.4152,4.0755,0.4364
1711,3.8888,0.4180,4.0879,0.4376
1712,3.8617,0.4158,4.0999,0.4366
1713,3.8467,0.4212,4.1094,0.4323
1714,3.8986,0.4278,4.1267,0.4382
1715,3.8893,0.4220,4.0824,0.4356
1716,3.8688,0.4242,4.0847,0.4356
1717,3.8615,0.4222,4.1181,0.4361
1718,3.8532,0.4324,4.0787,0.4384
1719,3.8680,0.4190,4.0994,0.4367
1720,3.9328,0.4138,4.1247,0.4401
1721,3.8407,0.4262,4.0814,0.4357
1722,3.8768,0.4234,4.1249,0.4391
1723,3.9753,0.4116,4.1488,0.4366
1724,3.9042,0.4140,4.1323,0.4326
1725,3.8545,0.4200,4.0852,0.4359
1726,3.8837,0.4240,4.0723,0.4368
1727,3.8913,0.4236,4.0941,0.4366
1728,3.9005,0.4208,4.1232,0.4365
1729,3.8966,0.4242,4.0980,0.4378
1730,3.9891,0.4136,4.1422,0.4332
1731,3.8421,0.4104,4.0332,0.4345
1732,3.8387,0.4244,4.0802,0.4333
1733,3.8757,0.4228,4.0919,0.4395
1734,3.9342,0.4204,4.1501,0.4378
1735,3.8541,0.4192,4.1281,0.4314
1736,3.9239,0.4230,4.1153,0.4384
1737,3.9192,0.4236,4.1574,0.4370
1738,3.8866,0.4236,4.1005,0.4385
1739,3.8899,0.4286,4.1015,0.4368
1740,3.9154,0.4268,4.0822,0.4361
1741,3.8676,0.4198,4.0984,0.4359
1742,3.8738,0.4176,4.0652,0.4344
1743,3.8965,0.4284,4.0992,0.4354
1744,3.8377,0.4286,4.0190,0.4393
1745,3.8992,0.4278,4.0985,0.4390
1746,3.9277,0.4204,4.1176,0.4394
1747,3.9268,0.4218,4.1500,0.4373
1748,3.8923,0.4252,4.1146,0.4386
1749,3.9540,0.4188,4.1613,0.4340
1750,3.9438,0.4280,4.1665,0.4374
1751,3.8920,0.4234,4.1241,0.4397
1752,3.8592,0.4248,4.0944,0.4403
1753,3.9607,0.4212,4.1310,0.4362
1754,3.9486,0.4246,4.1726,0.4363
1755,3.9577,0.4186,4.1284,0.4371
1756,3.9167,0.4218,4.1298,0.4337
1757,3.8511,0.4216,4.1048,0.4355
1758,4.0054,0.4160,4.1753,0.4318
1759,3.9578,0.4242,4.1915,0.4338
1760,3.8949,0.4250,4.1011,0.4331
1761,3.8932,0.4218,4.1183,0.4334
1762,3.9459,0.4242,4.1727,0.4399
1763,3.9212,0.4248,4.1584,0.4380
1764,3.9430,0.4146,4.1716,0.4311
1765,3.8712,0.4156,4.1100,0.4385
1766,3.8591,0.4226,4.1175,0.4377
1767,4.0446,0.4296,4.2031,0.4401
1768,3.9309,0.4258,4.1229,0.4394
1769,3.9513,0.4194,4.1315,0.4347
1770,3.8653,0.4192,4.0941,0.4377
1771,3.9626,0.4186,4.1358,0.4346
1772,3.9743,0.4318,4.1897,0.4397
1773,3.9424,0.4210,4.1336,0.4397
1774,3.9709,0.4232,4.1629,0.4370
1775,3.9190,0.4234,4.1089,0.4389
1776,3.9541,0.4286,4.1483,0.4397
1777,3.9918,0.4206,4.1547,0.4395
1778,3.9760,0.4200,4.1995,0.4342
1779,3.9685,0.4248,4.1697,0.4346
1780,3.9315,0.4276,4.1268,0.4358
1781,3.9833,0.4222,4.1695,0.4362
1782,3.9578,0.4244,4.1310,0.4347
1783,3.9391,0.4212,4.1524,0.4404
1784,4.0419,0.4182,4.1837,0.4392
1785,3.9933,0.4262,4.1912,0.4388
1786,3.9358,0.4264,4.1273,0.4369
1787,3.9356,0.4264,4.1763,0.4401
1788,4.0123,0.4228,4.1912,0.4387
1789,3.9250,0.4258,4.1753,0.4380
1790,3.9281,0.4226,4.1674,0.4336
1791,3.9787,0.4252,4.2016,0.4365
1792,3.9644,0.4254,4.1689,0.4389
1793,3.9432,0.4166,4.1131,0.4398
1794,3.9260,0.4182,4.1340,0.4342
1795,3.9592,0.4236,4.1496,0.4412
1796,3.9597,0.4218,4.1406,0.4454
1797,3.9685,0.4222,4.1371,0.4401
1798,3.9727,0.4144,4.1675,0.4345
1799,3.9985,0.4154,4.1590,0.4349
1800,3.9608,0.4188,4.1136,0.4392
1801,3.9354,0.4276,4.1626,0.4367
1802,4.0292,0.4160,4.1981,0.4344
1803,3.9091,0.4270,4.1128,0.4388
1804,3.9995,0.4216,4.1828,0.4383
1805,3.8948,0.4300,4.1270,0.4384
1806,3.9333,0.4256,4.1511,0.4397
1807,3.9475,0.4320,4.1730,0.4341
1808,3.9292,0.4270,4.1498,0.4353
1809,3.9913,0.4184,4.1793,0.4375
1810,3.9535,0.4288,4.1436,0.4348
1811,3.9258,0.4234,4.1853,0.4369
1812,3.9857,0.4136,4.1902,0.4408
1813,4.0439,0.4152,4.2146,0.4356
1814,4.0353,0.4206,4.2169,0.4404
1815,4.0223,0.4130,4.2453,0.4362
1816,4.0226,0.4218,4.1642,0.4400
1817,3.9159,0.4206,4.1531,0.4350
1818,4.0876,0.4196,4.2423,0.4324
1819,3.9736,0.4206,4.1439,0.4374
1820,3.9308,0.4196,4.1326,0.4361
1821,4.0271,0.4258,4.1829,0.4351
1822,3.9207,0.4158,4.1136,0.4372
1823,3.9879,0.4278,4.1519,0.4395
1824,3.9465,0.4206,4.1486,0.4351
1825,4.0068,0.4218,4.1471,0.4349
1826,4.0274,0.4216,4.2282,0.4355
1827,3.9706,0.4288,4.1777,0.4391
1828,3.9861,0.4186,4.1595,0.4359
1829,3.9733,0.4144,4.1661,0.4315
1830,3.9095,0.4274,4.1700,0.4366
1831,3.9763,0.4254,4.1986,0.4394
1832,3.9501,0.4216,4.1945,0.4339
1833,4.0625,0.4198,4.2065,0.4387
1834,4.0054,0.4262,4.2307,0.4364
1835,4.0305,0.4240,4.2346,0.4372
1836,4.0399,0.4220,4.2483,0.4378
1837,3.9754,0.4224,4.1862,0.4405
1838,4.0286,0.4286,4.2357,0.4374
1839,3.9920,0.4188,4.1851,0.4333
1840,3.9693,0.4262,4.2204,0.4369
1841,3.9891,0.4190,4.1734,0.4387
1842,4.0237,0.4162,4.1856,0.4348
1843,3.9695,0.4254,4.1822,0.4403
1844,4.0045,0.4164,4.2343,0.4335
1845,4.0343,0.4162,4.1542,0.4386
1846,4.0131,0.4258,4.2151,0.4366
1847,3.9069,0.4268,4.1554,0.4369
1848,4.0062,0.4214,4.1871,0.4368
1849,3.9472,0.4274,4.1666,0.4410
1850,3.9470,0.4254,4.1779,0.4398
1851,4.0262,0.4222,4.2248,0.4374
1852,4.0267,0.4208,4.2247,0.4343
1853,3.9939,0.4214,4.1722,0.4388
1854,4.0804,0.4224,4.2560,0.4350
1855,3.9626,0.4168,4.1938,0.4335
1856,3.9361,0.4164,4.1336,0.4362
1857,4.0278,0.4198,4.1924,0.4399
1858,4.0674,0.4196,4.2350,0.4341
1859,4.1137,0.4160,4.2727,0.4414
1860,3.9627,0.4246,4.1752,0.4379
1861,4.0212,0.4178,4.1997,0.4347
1862,4.0520,0.4232,4.2583,0.4390
1863,3.9583,0.4260,4.2201,0.4336
1864,4.1202,0.4070,4.2388,0.4346
1865,4.0223,0.4176,4.2104,0.4355
1866,3.9704,0.4260,4.2361,0.4381
1867,3.9547,0.4202,4.2071,0.4383
1868,4.0357,0.4270,4.2198,0.4353
1869,3.9885,0.4294,4.2167,0.4404
1870,4.0446,0.4192,4.2813,0.4388
1871,4.0660,0.4196,4.2603,0.4396
1872,4.0600,0.4230,4.2995,0.4319
1873,3.9789,0.4256,4.2199,0.4390
1874,3.9989,0.4260,4.2884,0.4380
1875,4.0578,0.4146,4.2197,0.4363
1876,3.9711,0.4168,4.2199,0.4378
1877,3.9767,0.4226,4.2033,0.4385
1878,3.9788,0.4166,4.1920,0.4335
1879,3.9993,0.4254,4.2713,0.4331
1880,4.0153,0.4246,4.2211,0.4349
1881,3.9803,0.4202,4.2168,0.4364
1882,3.9369,0.4264,4.2117,0.4356
1883,4.0325,0.4246,4.2269,0.4404
1884,4.1493,0.4158,4.2782,0.4361
1885,4.0666,0.4278,4.2755,0.4418
1886,4.0474,0.4274,4.2934,0.4369
1887,3.9523,0.4230,4.2205,0.4350
1888,4.1041,0.4234,4.2896,0.4411
1889,3.9778,0.4328,4.2705,0.4390
1890,3.9503,0.4350,4.2332,0.4411
1891,4.0233,0.4266,4.2651,0.4384
1892,4.0872,0.4212,4.2708,0.4352
1893,4.0032,0.4200,4.2286,0.4376
1894,4.1071,0.4202,4.2690,0.4360
1895,4.0230,0.4252,4.2519,0.4390
1896,4.0439,0.4296,4.2883,0.4382
1897,4.1093,0.4172,4.3062,0.4385
1898,4.0993,0.4234,4.2436,0.4383
1899,4.0601,0.4230,4.2681,0.4378
1900,4.0214,0.4226,4.2431,0.4369
1901,4.1435,0.4258,4.3135,0.4335
1902,4.0658,0.4256,4.2663,0.4376
1903,3.9998,0.4246,4.2818,0.4350
1904,4.0383,0.4208,4.2402,0.4378
1905,4.0832,0.4246,4.2838,0.4401
1906,3.9516,0.4298,4.2297,0.4373
1907,4.0724,0.4138,4.2354,0.4342
1908,4.0538,0.4262,4.2518,0.4410
1909,4.0577,0.4278,4.2861,0.4336
1910,3.9439,0.4272,4.2034,0.4378
1911,4.1061,0.4260,4.2954,0.4372
1912,4.0450,0.4288,4.2756,0.4360
1913,4.0917,0.4234,4.3168,0.4394
1914,4.0419,0.4242,4.2569,0.4387
1915,4.0267,0.4206,4.2699,0.4363
1916,4.0865,0.4204,4.3020,0.4401
1917,4.0231,0.4272,4.2582,0.4338
1918,4.0781,0.4184,4.2317,0.4404
1919,4.0761,0.4164,4.2537,0.4381
1920,4.1089,0.4256,4.2568,0.4356
1921,3.9776,0.4320,4.1953,0.4414
1922,4.0363,0.4220,4.2633,0.4385
1923,4.0411,0.4278,4.3337,0.4349
1924,4.0634,0.4276,4.3164,0.4351
1925,4.1294,0.4170,4.3235,0.4389
1926,4.0500,0.4260,4.2790,0.4375
1927,4.0612,0.4214,4.2726,0.4389
1928,4.0365,0.4228,4.2895,0.4372
1929,4.0980,0.4274,4.2622,0.4373
1930,4.0266,0.4194,4.2532,0.4370
1931,4.0559,0.4186,4.2756,0.4300
1932,4.0286,0.4278,4.2495,0.4361
1933,4.0385,0.4192,4.2599,0.4378
1934,4.1033,0.4194,4.3131,0.4390
1935,4.0691,0.4234,4.2487,0.4372
1936,4.0209,0.4216,4.2476,0.4329
1937,4.0933,0.4196,4.3073,0.4376
1938,4.1462,0.4250,4.3467,0.4389
1939,4.1098,0.4214,4.2722,0.4350
1940,4.0687,0.4206,4.3234,0.4386
1941,4.1344,0.4194,4.3419,0.4382
1942,4.1174,0.4260,4.2980,0.4421
1943,4.0873,0.4218,4.3156,0.4364
1944,4.0164,0.4172,4.2683,0.4351
1945,4.0182,0.4356,4.3502,0.4362
1946,4.0322,0.4244,4.2732,0.4351
1947,4.1601,0.4220,4.3317,0.4355
1948,4.0602,0.4282,4.3376,0.4387
1949,4.1668,0.4270,4.2932,0.4427
1950,4.0820,0.4294,4.3184,0.4388
1951,4.1134,0.4192,4.3549,0.4352
1952,4.0617,0.4272,4.3124,0.4372
1953,4.1261,0.4220,4.3163,0.4349
1954,4.0956,0.4292,4.3217,0.4384
1955,4.1860,0.4288,4.3571,0.4398
1956,4.0583,0.4220,4.3002,0.4378
1957,4.0906,0.4260,4.3351,0.4385
1958,4.1492,0.4270,4.3566,0.4387
1959,4.1625,0.4224,4.3126,0.4414
1960,4.1286,0.4256,4.3426,0.4421
1961,4.1381,0.4238,4.3686,0.4424
1962,4.1310,0.4246,4.3675,0.4383
1963,4.1202,0.4170,4.3047,0.4378
1964,4.0324,0.4232,4.3017,0.4374
1965,4.0670,0.4242,4.3018,0.4374
1966,4.0976,0.4280,4.2910,0.4380
1967,4.1195,0.4246,4.3513,0.4343
1968,3.9972,0.4294,4.2888,0.4348
1969,4.2380,0.4166,4.3615,0.4380
1970,4.1523,0.4242,4.3626,0.4316
1971,4.1875,0.4276,4.3231,0.4342
1972,4.1930,0.4182,4.3715,0.4322
1973,4.1677,0.4224,4.3905,0.4354
1974,4.0532,0.4258,4.3011,0.4367
1975,4.1019,0.4200,4.3921,0.4347
1976,4.0546,0.4240,4.3238,0.4394
1977,4.1188,0.4158,4.3177,0.4359
1978,4.1102,0.4254,4.3547,0.4386
1979,4.0902,0.4258,4.3625,0.4419
1980,4.1813,0.4152,4.3305,0.4334
1981,4.0839,0.4188,4.3585,0.4360
1982,4.0790,0.4194,4.3267,0.4341
1983,4.1871,0.4190,4.3802,0.4381
1984,4.1266,0.4256,4.3916,0.4374
1985,4.1442,0.4286,4.3460,0.4383
1986,4.1444,0.4200,4.2875,0.4380
1987,4.0801,0.4220,4.3708,0.4363
1988,4.1718,0.4188,4.3466,0.4395
1989,4.1587,0.4220,4.3966,0.4370
1990,4.0666,0.4232,4.3511,0.4362
1991,4.0825,0.4312,4.3478,0.4401
1992,4.1431,0.4206,4.3775,0.4368
1993,4.0775,0.4218,4.3371,0.4365
1994,4.0150,0.4214,4.2917,0.4386
1995,4.0789,0.4346,4.3706,0.4407
1996,4.0843,0.4254,4.3357,0.4393
1997,4.1534,0.4242,4.4151,0.4345
1998,4.1232,0.4288,4.4032,0.4392
1999,4.1782,0.4260,4.4079,0.4364
2000,4.1578,0.4240,4.4252,0.4383
